images,final dataset
000000053016.jpg,غابة بها بعض من الأشجار يسير بها عدد من الزرافات
000000053091.jpg,طبق ملون به أصناف منوعة مقطعة من الخضراوات
000000053142.jpg,اشارة ضوئية باللون الاخضر بجوار مبنى كبير
000000053236.jpg,طاولة طعام موضع عليها عدة أطباق وأكواب من القهوة و بجانبهم موضوع فازة لعباد الشمس
000000053330.jpg,مفترق طرق واشارة مرور حمراء
000000053385.jpg,لوحة والمفاتيح والفارة الخاصة بجهاز الحاسوب
000000053406.jpg,باص يمر بجوار بعض السيارات
000000053423.jpg,"شاطئ بحر طيني ويظهر آثار أقدام المارة، ولوح تزلج."
000000053426.jpg,مجموعة أفيال تشرب من إحدي البحيرات في الغابة.
000000053431.jpg,رجل جالس على مقعد على أحد الرصفان ويضع لابتوب على رجليه
000000053454.jpg,طائرة نفاثة حمراء في السماء
000000053455.jpg,رجل يسير على جبال جليدية ممسكاً بكلا يديه عصى
000000053457.jpg,قطة تجلس أعلي شاشة التلفاز.
000000053458.jpg,قطار يسير علي القضبان وقت الغروب وعلي جانبيه حشائش يابسة.
000000053491.jpg,طاولة موضوع عليها صينية بيتزا تُعد للطهي بجانب العديد من المكونات الآخرى
000000053503.jpg,مجموعه من الازهار الوردية اللون
000000053514.jpg,محطة قطار فارغة ومعلق بها ساعة كبيرة.
000000053533.jpg,قطار كهربائي  وسط الطريق بجوار مباني
000000053550.jpg,طفل صغير ينظر بجانبه وسط الغابة
000000053573.jpg,ساعة صغيرة على شكل تفاحة
000000053597.jpg,ثلاث زرافات وسط الأشجار والحطب
000000053616.jpg,مجموعه كبيرة من الدمي البنية
000000053640.jpg,طائر يقف على عمود خشبي
000000053662.jpg,زرافة تجري وخلفها شجر لا اوراق له.
000000053674.jpg,قطيع أغنام وسط أرض قافرة.
000000053684.jpg,قطار حديث يسير علي القضبان
000000053725.jpg,أشخاص يطيرون طائرات ورقية كبيرة ملونة في أرض واسعة.
000000053744.jpg,شرائح طماطم مقطعة وخس أخضر.
000000053748.jpg,أحد الزرافات تقف أمام سيارة للتجول داخل أحد الغابات
000000053897.jpg,طفلة صغيرة تبتسم جالسة تأكل البروكلي.
000000053907.jpg,بعض من الحمير الوحشية يركضون داخل مزرعة
000000053975.jpg,عربة بعجلات محمول فوقها حقائب سفر كثيرة.
000000053990.jpg,طفلة تجلس على الطاولة وتتناول قطعة من البيتزا
000000054007.jpg,شاب يرتدي قبعة زرقاء ويمسك اخشاب بيده
000000054013.jpg,اريكة بيضاء بجوار نافذة زجاجية
000000054038.jpg,أحد الزرافتان يقفان بجانب بعض الصخور
000000054071.jpg,مجموعة خراف وماعز تقف على تل صغير
000000054086.jpg,باص يسير في طريق وتسير خلفه سيارة سوداء
000000054092.jpg,صندوق طعام وفواكه وخبز وجزر
000000054118.jpg,طفل صغير يتمنى ركوب الطائرة
000000054141.jpg,قارب سريع فوق الماء ورجل يتزلج فوق الماء
000000054192.jpg,قارب ملون على جانب النهر
000000054229.jpg,غرفة تحضير الطعام موضوع بها موقد
000000054286.jpg,رجل يقود دراجة نارية حمراء بجانب سيارة حمراء وبعض السيارات الآخرى
000000054351.jpg,شاب يلعب بالمضرب التنس والكرة
000000054363.jpg,صحن يحتوي على تشكيلة خضار
000000054427.jpg,طفل صغير يلهو على لوح تزلج
000000054510.jpg,بعض من الطاولات المحاطة بالكراسي تطل على بحيرة داخلها مركبة
000000054513.jpg,ثلاث موزات في طبق وفوقهم كأسان زجاجيان.
000000054520.jpg,قطعة من البيتزا مقسومة لاجزاء
000000054594.jpg,مجموعة من الخراف و الاغنام في مرعى
000000054606.jpg,بيتزا مليئة بالجبن و الزيتون
000000054607.jpg,إشارة توقف معلقة علي سور  حديدي يعلو البحر.
000000054627.jpg,حديقة مليئة بالزرع بها عدد من الأحصنة البنية والبيضاء الللون يتغذون على الحشائش وبالجوار هناك عدد من الأشجار
000000054642.jpg,بحيرة يحيط بها سور يقف بالقرب منه طفل وينظر عالياً نحو بعض الطائرات الورقية المحلقة فالسماء
000000054736.jpg,قطار أصفر طويل يمتد أعلي الجسر. وبالخلف مساحات خضراء
000000054893.jpg,طائر ابيض يحلق فوق المياه
000000054912.jpg,قطار أزرق يمر وسط المرتفعات التي يعلوها الثلج.
000000054989.jpg,"طاولة مقدم عليها أطباق طعام، لحم وخبز وخضار وصلصة طماطم وكأس مياه."
000000054995.jpg,طفل صغير يأكل قطعة من الكيك.
000000055010.jpg,طبق به لحم و جزر
000000055017.jpg,شطائر خبزمحشوة باللحم والخضار وبعض البطاطس المحمرة مقدمة علي منضدة شبكية.
000000055049.jpg,طريق  علي جانبه إشارة توقف  وبعض الأشجار.
000000055076.jpg,غروب للشمس داخل مزرعة بها عدد من الخيول بعضهم يتغذى على الحشائش
000000055085.jpg,دب أسود يجلس علي أرض عشبية.
000000055119.jpg,اشخاص على شاطئ البحر وخيول
000000055139.jpg,بعض المراكب الموضوعة جنبا إلى جنب بالقرب من شاطئ البحر وبأحداهم يقف رجل
000000055272.jpg,بجعة تعوم في الماء الصافي.
000000055290.jpg,دمية  صغيرة موضوعة علي الأريكة.
000000055389.jpg,يد تمسك دميه صغيرة بنفسجية اللون
000000055402.jpg,بعض الزرافات تسير وسط الأشجار.
000000055447.jpg,رجل يقف بجوار أحد الخراف داخل حظيرة
000000055466.jpg,قطة تقف أمام جهاز حاسوب محمول موضوع فوق منضدة خشبية.
000000055469.jpg,دراجة نارية زرقاء اللون موضوعه أمام أحد المحال
000000055493.jpg,"مبني شاهق، يوجد ساعات كبيرة في أعلاه، وأمامه أشجار."
000000055514.jpg,رجل يقوم بالزلج فوق الجليد بجوار الاشجار
000000055534.jpg,طائر يقف علي غصن أحد الأشجار.
000000055559.jpg,طائرة برتقالية تحلق في السماء.
000000055569.jpg,طفلة صغيرة تأكل شطيرة وبجوارها طفل أصغر.
000000055585.jpg,رجال تقف في محطة القطار
000000055613.jpg,حقيبة سفر سوداء مفتوحة وموضوعة بالجانب
000000055630.jpg,قطة بنية اللون مستلقية داخل إناء على منضدة
000000055641.jpg,"رجل اعمال صيانة على الطريق،"
000000055645.jpg,هرة كبيرة تقف بجوار شجرة
000000055652.jpg,طائر ملون يقف على فرع شجرة
000000055694.jpg,أثنان من البقر  أحدهم جالس على الأرض ومحاطين بالعديد من الجبال الزراعية
000000055707.jpg,طاولة موضوع عليها طبقان احدهم به بيتزا مليئة بالجبن و الآخر مكرونة
000000055805.jpg,رجل ممسك بيديه ثمرة موز صغيرة
000000055860.jpg,بحيرة بها جسر وبالخلف يتواجد بعض المباني
000000055868.jpg,مجموعة مراكب تصطف علي حافة الماء وطائر يقف علي الممر.
000000055873.jpg,"صحن به أصناف متنوعة من الفاكهة المقسمة إلى شرائح كالبرتقال، التفاح، العنب وغيرها"
000000055891.jpg,طاولة طعام موضوع بها كثير من أصناف الطعام المتنوعة و يجلس عليها بعض الأشخاص
000000055897.jpg,طفلة تطعم حصان في مزرعة
000000055915.jpg,رجل مُسن يجلس على مقعد داخل حديقة
000000055981.jpg,فتاة تقف على السلم ممسكة بيديها حقيبه سفر واليد الآخرى تضعها في فمها
000000056013.jpg,حقائب وأكياس معلقة بداخل نقالة.
000000056033.jpg,باص مدرسي أزرق اللون يقف على جانب الطريق
000000056049.jpg,"مجموعة بيوت وسط مزارع خضراء،وحصانان."
000000056092.jpg,أثنان من الخيول يركضان محاطين بسور خشبي
000000056108.jpg,صالة منزل مضاءة بها طاولة وكراسي وساعة معلقة فوق مكتب.
000000056118.jpg,متزلج يسير على مساعد الدرج المعدني
000000056134.jpg,شجرة مليئة بالعصافير الواقفة على فروعها
000000056137.jpg,اصناف كثير من الفاكهة الموضوعة للبيع ومكتوب على كل منهم سعره
000000056145.jpg,مجموعة مراكب شراعية ترسو في الميناء بالماء.
000000056201.jpg,صحن يحتوي على خضار معد للاكل
000000056226.jpg,بعض من الحقائب الموضوعة فوق بعضها البعض
000000056266.jpg,طبق تقديم به شرائح خبز عليها صلصة وخضرة وبجوارها كأس عصير.
000000056323.jpg,محطة قطار بها قطاران متوازيان وأشخاص واقفون.
000000056326.jpg,"طبق أبيض به أرز وقطع لحم وجزر مقطع، وشوكة وملعقة."
000000056330.jpg,حصان يقف وسط مزرعه كبيرة خضراء
000000056341.jpg,صالة جلوس بها أريكة ومقاعد ومدفأة نارية وبعض الرسومات معلقة علي الحائط بجوار الزرع.
000000056362.jpg,أربعة أحصنة تسير علي شاطئ البحر.
000000056432.jpg,سيارات علي الطريق وإشارة المرور حمراء ورجل المرور واقف  والجو يمطر ثلجا
000000056433.jpg,طفلة صغيرة تمسك جهاز حاسوب اسود
000000056442.jpg,ثمرة من الجزر موضوعة بجانب سكين
000000056486.jpg,بيتزا عليها جبن وشرائح زيتون وغيره.
000000056549.jpg,سيارة كلاسيكية معدلة ومحدثة بين مجموعة من السيارات
000000056562.jpg,طائر يقف على حافة مركبة تسير داخل البحر ومقيده بالحبال
000000056580.jpg,سيارة زرقاء من الطراز القديم وعلي الجانب لافتة توقف وأمامها بيوت وأشجار.
000000056599.jpg,طفل يركض داخل حديقة ممسكاً مظلة
000000056624.jpg,الأرض مغطاة بالجليد وأيضا الأشجار والمقعد.
000000056641.jpg,اوراق الاشجار الجافة متساقطة على طول الطريق
000000056652.jpg,طائرة ملونة يتم اللعب بها في حديقة.
000000056680.jpg,قطار يسير على القضبان في وسط غابة مليئة بالاشجار والزرع
000000056705.jpg,عربة محرك قطار احمر اللون على السكة
000000056714.jpg,"بعض من ثمار الفاكهة كالموزر، التفاح والبرتقال"
000000056752.jpg,رجل يقود دراجة هوائية بجوار النهر
000000056768.jpg,زرافتين واقفتان خلف سور حديدي وأمامهما صخور. وسط الغابة المشجرة.
000000056784.jpg,ثلاث ثمار من فاكهة الموز
000000056891.jpg,حصان يأكل من أرض بها أعشاب صغيرة وخلفة مساحة كبيرة.
000000056896.jpg,ستائر ملونة وشباك كبير وشاشة حاسوب
000000056910.jpg,مرآة فوق مغسلة وادوات تنظيف
000000056928.jpg,حديقة موضوع بها العديد من المظلات الملونة وبجانبها مقعد يجلس عليه بعض الاشخاص
000000056963.jpg,طائرة صغيرة في مهبط الطائرات
000000057005.jpg,دراجة بخارية تحت نافذة زجاجية وباب احمر
000000057088.jpg,ثلاث باصات باللون الأحمر تسير بجوار بعضها
000000057201.jpg,أحد البطات تسبح داخل الماء
000000057249.jpg,ادوات ومعجون تنظيف والعناية بالفم و الاسنان
000000057283.jpg,طفلة صغيرة ترتدي ملابس حمراء وتجلس أمام طاولة و تمسك بأحدى يديها شطيرة والآخرى تضعها على فمها
000000057377.jpg,جبال عليها نباتات وأشجار خضراء وبأسفلها سهل مياه.
000000057381.jpg,دراجة نارية أمام سيارة سوداء  في حديقة أحد البيوت.
000000057390.jpg,طائر صغير يقف بجوار نافذة
000000057424.jpg,حديقة بها بعض الأشخاص يشاهدون طائرة ورقية محلقة فالسماء
000000057424.jpg,حديقة بها بعض الأشخاص والأطفال يلهون بطائرات ورقية
000000057548.jpg,اثنان من صغار الخرفان يقفون في مزرعة
000000057676.jpg,سفن ومراكب ترسو في ميناء أحد المسطحات وعلي الجانب مظلات زرقاء علي أرض رملية.
000000057750.jpg,رجل ذو لحية بيضاء كثيفة  يجلس  ممسكا بساعة حائط وسط حديقة ما.
000000057770.jpg,شاحنة بيضاء وسط الطريق تقف
000000057870.jpg,منضدة طويلة حولها عدة كراسي  وفي منتصفها مزهرية.
000000057901.jpg,بعض من المراكب والسفن الموضوع عليها المظلات
000000057917.jpg,شجرة كبير في غابة بجانبها مقعد
000000057919.jpg,"الثلوج تغطي الشارع، واشارات ضوئية"
000000057930.jpg,قط اسود واخر اشقر ينامون
000000057945.jpg,ساعه وسط الطريق بجوار سور
000000057945.jpg,عمود معلق أعلاه ساعة تشير للساعة الخامسة
000000057969.jpg,سيارة  نقل لعبة بيضاء بها خطوط خضراء وحمراء
000000057992.jpg,حصانان أسودان  يركضان للأسفل علي أرض مائلة.
000000058008.jpg,تفاحة حمراء بجوار موزة صفراء
000000058041.jpg,علبة مربعة بها بعض قطع الحلوي الدائرية المحلاة بالشيكولاتة.
000000058046.jpg,خمس من الأغنام المتواجدة داخل أرض زراعية
000000058057.jpg,شاحنة نقل كبيرة حمراء تظهر في مرآة سيارة تسير في طريق سريع
000000058102.jpg,غرفة تحضير الطعام بها العديد من الأدوات كالموقد وثلاجة وبعض من أدوات التخزين الخشبية
000000058172.jpg,بعض من خضار البروكلي الموضوع مع بعض من الجزر
000000058210.jpg,طائر يقف على الارض بها حشائش
000000058216.jpg,جبل حقلي به الكثير من الأغنام والماعز
000000058241.jpg,مكتبة بها بعض الكتب ومعلق فوقها ساعة.
000000058242.jpg,رجل جالس يقرأ أمام أحد المباني.
000000058253.jpg,أحد المظلات الكبيرة متعددة الالوان
000000058281.jpg,زرافتان تقفان بجوار بعضهم البعض
000000058304.jpg,باص احمر كبير يقف وسط الطريق
000000058483.jpg,أحد الفيلة يسير في طريق محاط ببعض الصخور
000000058563.jpg,طائرة تقف على حشائش خضراء
000000058640.jpg,حيوانات تمشي في الغابة بجوار شجرة
000000058701.jpg,"طريق خالٍ من المارة والسيارت، عليه إشارة مرور ولافتات."
000000058732.jpg,طبق به موضوع بعض الحلوى بجانبه شوكة طعام
000000058733.jpg,طبق به مزيج من المكرونة والخضروات
000000058754.jpg,رجل يقفز عالياً مرتدياً لوح تزحلق داخل منطقة ثلجية
000000058838.jpg,الكثير من الموز الأخضر والأصفر وكمثري ويوسفي.
000000058841.jpg,سور فوقه حوض اسود وورد وردي
000000058851.jpg,حديقة بها مقعد خشبي بجوار سيارة وبعض المباني
000000058857.jpg,طفل صغير يقف على كرسي في غرفة الطعام ويمزج أحد الأطعمة داخل شطيرة
000000058880.jpg,شريحة بيتزا مثلثة مقدمة في طبق أبيض.
000000058915.jpg,"لافتة أعلي محل مكتوب عليها""محل عام"" بالإنحليزية وبجوارها ساعة كبيرة."
000000058929.jpg,طفلة تقف على الشاطئ بالقرب من ادوات سباحة
000000058930.jpg,حافلة خضراء علي الطريق وعلي جانبيها مساحات خضراء.
000000058973.jpg,طفل يطلق طائرة ورقية وسط الغابة
000000058987.jpg,سيارة صفراء بها أشخاص تسير علي الطريق وخلفها بيوت.
000000058997.jpg,مجموعة مراكب شراعية ترسو بميناء الشاطئ
000000058997.jpg,ميناء به عدد من المراكب الشراعية
000000059009.jpg,قطار اخضر يمشي وسط الاشجار
000000059039.jpg,عصفور يقف على جذع شجرة وسط مياه
000000059106.jpg,إشارة مرور تشير للون الأحمر موضوعة بجانب الطريق ويمر به العديد من السيارات
000000059110.jpg,مقعد انتظار خشبي اللون بجواره منضدة
000000059146.jpg,طفل صغير يرتدي ملابس سوداء يقف على الطريق
000000059152.jpg,لوحات مرورية على مفترقات طرق
000000059165.jpg,طفل أمامه بعض قطع الحلوي يأكل منها.
000000059278.jpg,طريقان يسير بهما مجموعة من السيارات المسرعة وهناك بعض من الإشارات التي تشير للون الأخضر
000000059382.jpg,طفل رضيع مستلقي على السرير
000000059383.jpg,"مطبخ  خشبي حديث، به موقد غاز وآخر كهربائي."
000000059384.jpg,سيارة حمراء أمام درج أحد المباني.
000000059385.jpg,ثلاث حقائب حمراء مغلقة موضوعة علي أرض عشبية.
000000059393.jpg,أثنان من الأغنام يركضان خلف بعض في المزرعة
000000059403.jpg,أرفف زجاجية موضوع عليها أطباق مقدم بها شطائر خبز بالخضار وبالأسفل زجاجات وعبوات عصير.
000000059406.jpg,دمية بنية موضوعة علي سرير مفروش بالأبيض.
000000059438.jpg,قطيع ماشية في أرض عشبية.
000000059451.jpg,طائر أحمر اللون يقف علي غصن شجرة تفاح.
000000059454.jpg,صندوق به مجموعة من الدمى على شكل دوناتس بألوان مختلفة
000000059494.jpg,مقعد انتظار بجانب الطريق واسفل منه ورقة شجر
000000059501.jpg,قط بني علي حافة نافذة.
000000059596.jpg,بيت انيق وطاولة سوداء وكنب
000000059610.jpg,أحصنة تقف علي شاطئ البحر.
000000059614.jpg,وجبة من المعكرونة و الخضار في طبق التقديم
000000059641.jpg,إشارات المرور حمراء في وقت الغروب.
000000059682.jpg,طائر كبير يحلق فوق المياه
000000059752.jpg,مجموعة من القوارب على جانب الطريق
000000059776.jpg,"مركب صغير وسط البحر به مجموعة من الأشخاص،ويتصل بحبل ليصل للشاطئ"
000000059882.jpg,طاولة موضوع عليها طبق به بعض من شرائح اللحم بجانب سلطة وموضوع بجانبه سكين وشوكة
000000059892.jpg,أحد الباصات و العربات الآخري المركونة على رصيف المباني
000000059895.jpg,أحد الطيور البيضاء يقف على صخرة
000000059949.jpg,قطة بيضاء تجلس تحت مظلة.
000000059979.jpg,طفل اثناء محاولة ركوب الامواج
000000059996.jpg,جزر و تفاح وفليفلة وموزة
000000059996.jpg,جزرة وتفاحة خضراء وموزة وفلفل أحمر.
000000060005.jpg,قطار سكة مطلي باللون الأسود والأصفر
000000060054.jpg,طائرة تحلق فوق البحر وسفن
000000060054.jpg,طائرة تحلق فوق مسطح مائي به سفن كبيرة.
000000060077.jpg,طفلتان صغيرتان تقفان بجوار بعضهم
000000060088.jpg,طاولة موضوع عليها ورق طعام به قطعة من الدوناتس وكوب
000000060093.jpg,تقاطع طريق واسع وكبير  وعربات
000000060117.jpg,بعض الغنم يجلس ويأكل الحشائش.
000000060126.jpg,طبق به بعض من الحلوى المليئة بالمكسرات وقطع الموز
000000060140.jpg,مجموعة من الكراسى و الطاولات البلاستيكية الموضوعة بالقرب من الشاطئ
000000060172.jpg,طبق اكل يحتوي على الخضار
000000060180.jpg,بروكلي اخضر وقطعه من الدجاج والخضروات
000000060269.jpg,مجموعة من ثمار الموز بجانب بعض الخضار كالبروكلي و البصل مع بعض من الخضروات الآخرى
000000060274.jpg,رضيع ممسك بفرشاة أسنان و يضعها في فمه
000000060316.jpg,غابة زراعية بها العديد من الحمير الوحشية و الحيوانات الآخرى
000000060319.jpg,مركبان صغيران وسط البحر متوقفان
000000060324.jpg,حافلة عمومية لونها اصفر وازرق
000000060332.jpg,آلة مستديرة حادة الأطراف لقطع البيتزا
000000060394.jpg,طريق يسير به قطيع كبير من الأغنام والماعز
000000060400.jpg,غابة مليئة بالأشجار  بها لوحتان أحدهم مكتوب بها عبارة قف
000000060415.jpg,حديقة بها طفل يمسك بأحدي يديه طبق طائر من البلاستيك
000000060431.jpg,"رجل يمسك بمضرب وخوذة وخلفه ولد صغير، يسيران في الملعب."
000000060437.jpg,سيارات تقف علي الطريق والإشارة حمراء.
000000060458.jpg,باص ملون يسير بجوار بعض المباني
000000060464.jpg,أربعة طواجن بها خضار وطعام مطبوخ.
000000060467.jpg,صنية حمراء بها خبز ولبن وفواكه
000000060547.jpg,رجل يشاهد الزرافة في محمية طبيعية
000000060554.jpg,ازهار طبيعية في وعاء زجاجي
000000060639.jpg,طائران بمنقار  يسبحان في الماء.
000000060641.jpg,أربعة علب مربعة مرصوصة علي الطاولة ومفتوحة جوار بعضها بها بيتزا وعلي الجانب أطباق بيضاء.
000000060677.jpg,سيارة زرقاء بجوار اشجار مثمرة
000000060684.jpg,سياراتان من الطراز القديم بداخل حديقة أمام منزل.
000000060684.jpg,مزرعه كبيرة وعربات قديمة في الوسط
000000060699.jpg,نهر به عدد كبير من المراكب الخشبية بها يجلس بعض الركاب
000000060780.jpg,طفل صغير علي السرير يضع يده علي لوحة المفاتيح بالجهاز.
000000060820.jpg,ماكنة عجن بيضاء تعجن عجين
000000060820.jpg,خلاط للخيز به موضوع يعض العجين
000000060859.jpg,قطاران يسيران بنفس الأتجاة بالقرب من أرض زراعية
000000060868.jpg,طائر يقف على عصي التزلج
000000060890.jpg,بجعة وبجوارها طائر أبيض في حديقة ما وعلي الجانب الآخر  سيارات وسط الشجر.
000000060953.jpg,ثلاث طائرات في السماء تحلق
000000060959.jpg,حماران وحشيان في الغابة يبحثان عن فريسة
000000060970.jpg,طبق به بعض من الأرز ومزيج من خضار البروكلي واللحم
000000060986.jpg,دمية بنية اللون مغطاة بغطاء
000000060988.jpg,رجل يقف أمام دراجة نارية وينظر للطائرة المحلقة عالياً
000000060990.jpg,قطار طويل يسير علي القضبان.
000000060993.jpg,ساعة خشبية وسط أشجار كثيفة.
000000061052.jpg,أشجار دائرية الشكل وراء بعضها علي جانب إحدي الطرق.
000000061076.jpg,سيارة تسير علي طريق في جو جليدي ممطر.
000000061106.jpg,طفلان صفيران يلعبان بقصاصات حروف وأرقام.
000000061138.jpg,مجموعة من المظلات اللعبة يتم تطييرها في الهواء.
000000061159.jpg,رجل يصلح إطار السيارة الزرقاء وآخر يمسك المظلة تفاديا للمطر.
000000061181.jpg,طريق عام مليء بالسيارات والعربات المتنوعة
000000061184.jpg,إطلالة على البحر ومظلة بيضاء وبركة سباحة
000000061196.jpg,أشخاص يتزلجون علي الجليد والشجر علي الجانب.
000000061207.jpg,طائرة تحلق فوق أحد الحقول المليئة الاشجار وبعض المباني
000000061231.jpg,طائرات بجانب العديد من عربات النقل في مطار الطائرات
000000061262.jpg,دب بداخل الماء يمسك بشئ دائري أزرق.
000000061307.jpg,طبق به شطيرة خبز وكوب به مجموعة من الجزر المقطع و شريحة من الليمون
000000061328.jpg,أشخاص يتزلجون علي الجليد. وفي المقدمة رجل يمسك بلوح تزلج  أخضرويرتدي معطفا أصفر اللون ونظارة كبيرة ملونة.
000000061338.jpg,شاطئ البحر وعليه مظلات ومقاعد.
000000061399.jpg,بعض من طيور النورس يسيرون على شاطئ البحر
000000061502.jpg,قطعة من البيتزا موضوعة في طبق
000000061532.jpg,رجل  يرتدي قبعة يقف أمام صخرة علي حافة البحيرة ويطير طائرة ورقية.
000000061561.jpg,طفلة تقف أمام عربة مرتدية ملابس ثقيلة
000000061564.jpg,ثلاث فيلة ترتوي من بركة ماء
000000061582.jpg,شطيرة خبز محشوة بالخضار وموضوعة في ورقة.
000000061588.jpg,بعض الطيور تقف علي حجر صغير متجمع وسط الماء وبه بعض الحشائش.
000000061621.jpg,طائرة سوداء صغيرة بها رجل وأمامها رجل آخر وخلفها مجموعة سيارات.
000000061740.jpg,كرسي بداخل حديقة أشجارها متساقطة الأوراق الصفراء.
000000061830.jpg,جبل شاهق وبالأسفل مساحة خضراء بها  قطيع أغنام.
000000061836.jpg,طائر ابيض يقف فوق المياه
000000061837.jpg,كلب أبيض اللون أمامه ثمرة من التفاح
000000061838.jpg,طفل  يجلس علي طاولة الطعام ويأكل شطيرة.
000000062020.jpg,ثلاث زرافات وحمار وحشي وغزال صغير.. جميعهم وسط مزرعة عشبية.
000000062089.jpg,ولد صغير يرتدي خوذة وقفازات للحماية. ويقف علي لوح التزحلق في الميدان.
000000062151.jpg,مجموعة من الأحصنة علي حافة إحدي البحيرات.
000000062154.jpg,مقص ورق ملون بنفسجي وخيط  وقصاصتان علي هيئة حمامة.
000000062154.jpg,بعض الورق موضوع عليه مقص بجانبه ورق مفرغ على شكل حمامتان
000000062160.jpg,قطار باللون الابيض يعبر محطة القطارات
000000062203.jpg,رجال تقوم بتعبئة الموز وتجهيزه للنقل
000000062216.jpg,مجموعة دراجات نارية في موقف
000000062216.jpg,مجموعة كبيرة من الدراجات النارية بجانب بعضها أمام مدخل أحد المباني.
000000062219.jpg,إناء موضوع به العديد من الفاكهة المتنوعة
000000062296.jpg,مرفأ يقف فيه مجموعة قوارب شراعية
000000062298.jpg,أحصنه تاكل الاعشاب من الارض
000000062301.jpg,طائر صغير يقف على شجرة خضراء
000000062307.jpg,الثلج متراكم في حديقة منزل
000000062313.jpg,صينية زرقاء عليها كأس قهوة وقطعتي حلوي ومنديل وشوكة..
000000062337.jpg,أحد الخيول التي تأكل من الحشائش بداخل حديقة
000000062344.jpg,تقطيع البروكلي و تجهيزها للطهي
000000062344.jpg,أحد الأشخاص ممسكاً سكين بيديه ويقسم به خضار البروكلي إلي شرائح
000000062357.jpg,طائر يحاول يلتقط شيء ليأكله من الارض
000000062443.jpg,مبنى به نافذة أمامها يتواجد طاولة و بعض من الزهور الملونة والشجر
000000062481.jpg,دمية بنية  معلق بها ورقة وموضوعة علي صخرة
000000062500.jpg,مقعد خشبي في غابة كبيرة واوراق الاشجار
000000062562.jpg,ساندوتش  ملئ بالخضروات موضوع على ورقة طعام
000000062591.jpg,طبق مقدم به شطيرة خبز محشوة بالجبن وطبق حساء.
000000062685.jpg,طائرة تحلق في سماء المدينة
000000062687.jpg,بعض الأشخاص يسيرون ممسكين مظلات
000000062715.jpg,ساعة فضية فوق ورقة شجر
000000062716.jpg,سلطة خضار و طبق من البيتزا
000000062889.jpg,سياج حديدية تطل على بعض الجبال
000000062937.jpg,"جزء من مطبخ، به أرفف وبعض الزجاجات الموضوعة وموقد كهربائي للتسخين."
000000062942.jpg,سيارة نقل زرقاء في الجراج.
000000062957.jpg,دُمية على شكل دُب بني موضوعة على سرير
000000062985.jpg,شخصان يطيران طائرة ورقية علي الجليد الكثيف.
000000064001.jpg,خيوط برتقالية بجوار مقص على الارض
000000064005.jpg,شرائح البيتزا الشهية معدة للطعام
000000064030.jpg,طيور الاوز تسبح في الماء
000000064116.jpg,بعض المنازل بها مزارع مليئة بالأغنام التي تتغذى على الحشائش
000000064149.jpg,طاولة و كراسي و خزانة كتب
000000064283.jpg,قطيع أغنام يأكلون الحشائش علي التلة.
000000064300.jpg,طائر اسود يقف بجوار شاطئ
000000064309.jpg,فيلين وعلي  أحدهما طائر أبو قردان.
000000064309.jpg,طائر ابيض يقف فوق راس فيل كبير
000000064442.jpg,حصان كبير في مزرعة كبيرة واشجار
000000064454.jpg,وعاء اسود به خضار متنوعه
000000064497.jpg,بقايا قارب علي جانب الطريق المزروع الجوانب.
000000064516.jpg,مجموعه من الساعات القديمة الدائرية
000000064522.jpg,أحصنة في مزرعة خضراء ولها سياج
000000064610.jpg,قطار باللون الازرق و الاصفر يقف في المحطة
000000064659.jpg,مكتب عمل يحتوي على اجهزة حاسوب وهاتف
000000064681.jpg,بيتزا مقسوم منها ويد تاكل
000000064779.jpg,طبق به خضار ملونة ومشكلة
000000064797.jpg,ثلاث من النسور الواقفة على العشب
000000064828.jpg,سرير يقف عليه طفل ممسكاً بدمية وعلى أعلى حافتة تقف فتاة أيضاً ممسكة دُمية
000000064953.jpg,جرار أحمر بجوار سيارة صغيرة وعلي الجانب شجر أخضر.
000000064954.jpg,تورتة بيضاء متعددة الأدوار موضوعة على طاولة بجانبه بوكية من الورد الملون و يوجد أيضاً تورتة بيضاء بدور واحد
000000064961.jpg,شاطئ رملي موضوع به العديد من المظلات الخشبية
000000065028.jpg,سيارة تقف على الاشارة الضوئية في انتظار العبور
000000065218.jpg,بعض من ثمار الجزر الموضوع بجانبها ملفوف أحمر
000000065566.jpg,دراجة نارية حمراء متوقفة على جانب الطريق
000000065567.jpg,طريق سريع طويل ولافته على جانب الطريق
000000065836.jpg,سور صخري موضوع عليه ثمرة موز بجانب علبه بلاستيكية مليئة بالفراولة وبجوارهم عُلبة من الحليب وبالجانب تسير حمامة سوداء
000000065837.jpg,شطيرة موضوعة بجانب بعض المكونات على طاولة
000000065865.jpg,طيور اثناء الصيد من الماء
000000065961.jpg,"حصان أبيض وبالخلف عدة أحصنة، متواجدون في أرض صفراء الزرع أسفل مرتفع"
000000065986.jpg,"دراجة تستند علي مجسم به نماذج للساعات، أمام مبني وسط الأشجار."
000000066082.jpg,باص يتكون من طابقين وردي اللون
000000066154.jpg,العديد من الأواني الفخارية متعددة الألوان
000000066209.jpg,طبق مقدم به بروكلي وجمبري
000000066234.jpg,مركبان قديمان موضوعان بجوار الأشجار.
000000066234.jpg,مراكب قديمة أصابها الصدأ على اليابسة
000000066316.jpg,قوارب على شاطئ وتظهر انها متروكة
000000066325.jpg,قطار أحمر علي القضبان بجانب كوبري وأشجار علي الجانب.
000000066327.jpg,غرفة تحضير الطعام موضوع بوسطها طاولة
000000066360.jpg,طاولة بها طبق به قطعاتان من الخبز وفنجان صغير وموضوع جانبهم كوبان من العصائر
000000066519.jpg,طائر ابيض يسير في الماء
000000066556.jpg,قط يجلس على كرسي في حديقة
000000066568.jpg,دميتان على شكل دُب أحدهم يرتدي قبعة  بنية و عليهم كور ملونة صغيرة
000000066734.jpg,قطة بيضاء مغمضة عينيها و تقف خلف النافذة
000000067191.jpg,طائر يحلق بجوار منزل وشباك مكسور
000000067261.jpg,إناء متنوع موضوع به العديد من الفاكهة كالبرتقال والتفاح و الخضروات كالليمون و البصل
000000067262.jpg,حديقة كثيفة الأشجار الخضراء بها كرسي خشبي وبعض الورود.
000000067463.jpg,شاحنة نقل كبير تسير في الشارع
000000067490.jpg,"إشارة المرور فوق، تضئ بالأخضر وقت الغروب والتاريخ والوقت مدونان أسفل الصورة يمينا."
000000067527.jpg,بعض الغنمات أعلي التلة العشبية وخلفهم شجرة كبيرة
000000067776.jpg,حقائب سفر صفراء اللون باحجام مختلفة
000000067788.jpg,بحيرة بها بعض من السفن والمراكب
000000067814.jpg,كرسي خشبي قديم على جانب الطريق
000000067838.jpg,صبي يمارس هواية التزلج على الماء باستخدام مزلجة
000000067847.jpg,رجلان يقفان على حشائش وسط الاشجار
000000067886.jpg,رجل ممسكاُ لوح تزحلق وبخلفه طفل صغير ويسيران أثناء وقت الغروب
000000067917.jpg,أرض  متسعة عليها بعض الجليد  ويوجد مقعدان وشجر لا أوراق له.
000000067961.jpg,بروكلي أخضر مع معكرونة بصلصة
000000068021.jpg,طفل صغير يأكل كعك محلاه
000000068030.jpg,أحد البقرات المتواجدة في المزرعة
000000068036.jpg,ثلاث من القطارات يسيرون بجانب بعض
000000068047.jpg,مجموعة أشخاص يتزلجون علي الألواح في الماء.
000000068059.jpg,طاولة موضوع عليها طبق به الكثير من البرتقال
000000068082.jpg,صينية من تورتة الشيكولاتة مأخوذ منها قطعة
000000068085.jpg,أحد الأشخاص ممسكاً بيديه قطعة حلوى
000000068114.jpg,اشارة ضوئية وشارع كبير واشجار كبيرة
000000068117.jpg,مركب ازرق وسط غابة وحشائش
000000068117.jpg,مركب صغير بداخل مساحة خضراء وخلفها جبل.
000000068120.jpg,رجلان كبيران يمتطيان حصانان اسود وبني
000000068128.jpg,محطة قطار وبها أشخاص يحملون حقائبهم.
000000068130.jpg,مجموعة اشخاص تقطع الطريق عبر خط المشاه
000000068167.jpg,حافلة كبيرة تسير علي الطريق.. وعلي الجانب جليد متراكم
000000068176.jpg,رجل يرتدي ملابس سوداء يقود دراجته بجوار أحد السيارات الآخرى
000000068183.jpg,ساندوتش من الدجاج والخضار بجواره بطاطا
000000068194.jpg,بداية قطار يقف على الرصيف يستعد
000000068198.jpg,حجرة بها دراجة صغيرة وثلاجة بجوار كرسي وستائر علي شباك أعلي سرير أرضي
000000068231.jpg,"طائرات علي سطح الماء، وأعلام ترفرف أعلي العمود."
000000068238.jpg,قطة تنام على كرسي شارع
000000068242.jpg,كلب بني يتزلج علي لوح أزرق في البحر.
000000068293.jpg,طائر الحسون من اجمل الطيور
000000068300.jpg,طاولة موضوع عليها طبق من المكرونة والبروكلي وبجانبه زجاجة مياة غازية
000000068305.jpg,حوض صغير ابيض ومراة كبيرة
000000068344.jpg,طبق به كعكة بالشيكولاتة وبجواره سكين وكوب من الشاي.
000000068352.jpg,قطار بخاري يسير على القضيب
000000068356.jpg,منضدة تحمل أطباق وأكواب وخبز
000000068356.jpg,طاولة موضوع بها بعض من أطباق الحلوى وبعض الفناجين
000000068375.jpg,جزيرة داخل الماء بالجوار يسير بها مركبة شراعية
000000068380.jpg,بعض من فاكهة الموز الموضوعة على الطاولة للبيع
000000068381.jpg,أحد المحال الموضوع أمامها دراجة و في إنعكاسها يقف شخص يلتقط صوره للمبنى
000000068397.jpg,صينية موضوع بها إناء به بعض المخبوزات وكوب من القهوة
000000068411.jpg,العديد من الدمى يتوسطهم دمية على شكل دُب باللون الأزرق
000000068444.jpg,طفل بجانبه عدة دمي علي السرير
000000068445.jpg,مجموعه من الازهار البيضاء والحمراء
000000068457.jpg,جناح طائرة مرسوم عليها شكل طائر باللون الأحمر وبجوارهم بعض السيارات الآخرى
000000068482.jpg,طبق به شرائح من اللحم بجانب طبق من الخضروات وبجانبهم ثمرة من البرتقال
000000068490.jpg,أثنان من الخيول بنية اللون تسير داخل منطقة رملية
000000068518.jpg,حافلة تسير في الطريق العام
000000068518.jpg,باص نقل ركاب يقف على الطريق
000000068520.jpg,حافلات كبيرة بيضاء تسير علي طريق أمام مبني.
000000068525.jpg,رجل يرتدي معطفا ثقيلا وخوذة يمسك بلوح تزلج فوق الجبل الجليدي
000000068576.jpg,شاشتان صغيرتان خلف كرسيين في طائرة.
000000068609.jpg,حديقة بها رجل ممسك بطائرة ورقية ويحلقها عالياً
000000068623.jpg,تلة من الاعشاب وفيلة تمشي
000000068646.jpg,طفل مرهق من العمل خلف شاشة الحاسوب
000000068654.jpg,محطة قطار مغطاة ويستعد الناس للركوب.
000000068674.jpg,طفل رضيع يجلس في حقيبة سفر
000000068697.jpg,ثلاث من الدُمي الموضوعة على مقعد خشبي
000000068713.jpg,أحد الزرافات تجلس على الحشائش
000000068715.jpg,العديد من اللافتات الموضوعة على أحد الاعمدة بداخل حديقة
000000068717.jpg,قطة سوداء تقف أمام النافذة
000000068738.jpg,حقائب سفر موضوعه داخل الحجرة الخلفية لعربة
000000068745.jpg,دمي وكاسات وملاعق موضوعة في حقيبة مفتوحة
000000068752.jpg,طائرة شراعية على شاطئ البحر
000000068763.jpg,شاب يقفز عاليا فوق الثلوج
000000068789.jpg,أمطار تنزل على عدد من السيارات
000000068814.jpg,طاولة عليها لوحة مفاتيح وشاشة حاسوب
000000068866.jpg,الكثير من حقائب السفر المختلفة الأحجام
000000068881.jpg,صحن به قطعة لحم مشوية وخضار مسلوق
000000068956.jpg,أحد المحال الموجودة داخل مبنى باللون اللبني وأعلاه هناك ساعة حائط
000000068993.jpg,لافتة مائلة على الثلوج في الشارع
000000069043.jpg,سفينة خضراء كبيرة في الماء
000000069163.jpg,دمية على شكل دُب والآخرى على شكل بطة موضوعين داخل حوض المياه ويغطيهم ماء ممزوج بالصابون
000000069197.jpg,رجلان علي أرض مكسوة بالجليد.. أحدهما علي ظهره
000000069214.jpg,غرفة فندقية جميلة رائعة الشكل
000000069215.jpg,طبق به بعض من الفاكهة بجوار إناء آخر وخلفهم لوحة ملُونة
000000069229.jpg,عدة بقرات وحشية تجلس علي الحشائش وبالخلف أشجار كثيفة.
000000069231.jpg,سرير مستلقي عليها قطتان باللون الأسود وآخرى بنيه اللون
000000069283.jpg,مظلات علي سلم أحد البيوت.
000000069284.jpg,"رجل يحمل حقيبة، يمشي علي رصيف محطة القطار"
000000069286.jpg,رجل يركب دراجة هوائية بالقرب من محلات بيع
000000069290.jpg,طفل رضيع ياكل بيده ويجلس
000000069302.jpg,طبق متنوع من الخضروات كالبروكلي و الجزر و بعض من قطع اللحم
000000069312.jpg,مجموعة طوالات وكراسي بيضاء اللون
000000069342.jpg,رجل يمسك مظلة ويسير فالطريق
000000069344.jpg,اطفال تقوم باكل قطع من الكيك
000000069346.jpg,بيتزا علي طبق خشبي في الموقد
000000069350.jpg,دُب أسود كبير يقف على أحد الصخور يجوار غابة مليئة بالأشجار و الزرع
000000069365.jpg,رجل وطفل اثناء التزلج على الجليد
000000069373.jpg,لافتة بجوار أشجار على جانب الطريق
000000069393.jpg,شاحنة صغيرة حمراء على الشاطيء
000000069393.jpg,شاطئ به عربة نقل حمراء اللون يقف بجانبها رجل
000000069401.jpg,تسعة طائرات حمراء تحلق في السماء ويتبعها غازاتها.
000000069411.jpg,بعض من الرجال يتزحلقون على الجليد
000000069424.jpg,حصان ابيض يقف وسط الاعشاب الصفراء
000000069440.jpg,رجل يجلس على مزلجة ويشاهد غروب الشمس
000000069461.jpg,مجموعة أبقار تأكل الحشائش في جزيرة تطل علي الماء.
000000069486.jpg,متجر للعصائر به يقف بائع وآخرون يشترون ويجلس أمامه رجلان وهناك العديد من الكراسي حوله
000000069535.jpg,ثمرة ونصف من الحمضيات على طاولة خشبية
000000069562.jpg,قط صغير ابيض و اشقر اللون امامه صحن
000000069564.jpg,بعض من الزجاجات المزخرفة الموضوعة بجانب بعضها
000000069572.jpg,ثور ياكل العشب وسط مزرعه كبيرة
000000069577.jpg,طاولة عليها فواكة وخضراوات  متنوعة وأكياس منتجات.
000000069579.jpg,طائرة أمام نوافذ المطار الزجاجية
000000069584.jpg,طائرة تحلق  بين غيوم السماء نهارا.
000000069587.jpg,طفل صغير يلعب بمضرب كرة التنس
000000069587.jpg,ملعب به طفل يجلس على الأرض ممسكاً بيديه مضرب كرة
000000069599.jpg,طفل يطير طائرة ورقية وأمامه شجر يجلس تحته أفراد
000000069599.jpg,طفل يلعب مقابل مجموعة من الرجال
000000069605.jpg,رجل  يرتدي خوذة يمتطي حصانا ابيض وخلفه شجيرات.
000000069616.jpg,"قطة مربوطة بحبل أحمر أمام سلم منزل،أمامها دراجة."
000000069625.jpg,رجل يغفوا على مقعد خشبي
000000069670.jpg,دراجة سوداء اللون مركونة داخل حديقة بجوارها بعض السيارات الآخرى
000000069750.jpg,ارفف مواعين مطبخ قديم واثري
000000069758.jpg,قط يجلس فوق اريكة بجوار النافذة
000000069768.jpg,جهاز حاسوب وكرسي مكتب ابيض كبير
000000069798.jpg,لافتة واشجار على جانب الطريق
000000069826.jpg,عُلبة على شكل مومياء موضوع بداخلها فرشة للأسنان بجوارها بعض أدوات التنظيف الآخرى
000000069874.jpg,جذع شجرة كبير يقطع الطريق
000000069887.jpg,رجلان يركبان مركب وسط البحر
000000069906.jpg,طبق منوع به قطعة من الاستيك و المكرونة و البروكلي
000000069911.jpg,لافتات بٱعلي الطريق. ويظهر أيضا أسلاك كهرباء حولها.
000000069928.jpg,مجسم فيل صغير اعلي العمود
000000069928.jpg,"يافطة بإسم محل تجاري، ومجسم فيل"
000000069936.jpg,مبنى به العديد من النوافذ ومزخرف بالألوان
000000069946.jpg,الكثير من المراكب و العبارات الموضوع قرب شاطئ البحر
000000069952.jpg,مجموعة من القوارب ترسو على جانب النهر
000000069956.jpg,دُب يسير داخل أحد الغابات
000000069959.jpg,كلب متدرب ويجيد الركض سريعا
000000069968.jpg,طائرة صغير على مدرج الاقلاع
000000069977.jpg,طريق عام ليلاً على جانبيه بعض الأشجار و لافته موضوع عليها كلمة قف
000000070067.jpg,ساعة تحمل عبارة (تاخرت كثيرا) على نافذة
000000070076.jpg,حصانان بنيان مربوطان بحبل أمام منزل.
000000070092.jpg,بلالين لكشف اتجاه وسرعة الرياح
000000070104.jpg,باص احمر يمشي تحت جسر
000000070178.jpg,سرب من الطيور تحلق في السماء.
000000070213.jpg,بعض من ثمار الليمون الملقة في أفرع الشجرة
000000070258.jpg,بعض من الاطفال يلهون بأطباق البلاستيك الطائرة
000000070280.jpg,طيور  تقف  علي شاطئ الماء
000000070280.jpg,طيور تقف على حافة صخرية قرب مسطح مائي
000000070285.jpg,جو جليدي يغطي الشجيرات والمنزل.
000000070334.jpg,ثلاث من الأغنام يقفان على صخرة متواجدة داخل مزرعة
000000070336.jpg,الأرض مغطاة بالجليد وكذلك الشجر.
000000070353.jpg,قطة بنية تجلس على أريكة
000000070380.jpg,تورتة بيضاء موضوعة في طبق و مأخوذ منها قطعة وبجوارها سكين
000000070485.jpg,شخص  يقوم بالتقاط صورة لبطة تعوم في الماء.
000000070493.jpg,"حافلة صفراء بها كلاب، وعليها لافتة توقف"
000000070558.jpg,ثلاثة ببغاءات ملونة أزرق وأصفر. تقف علي فروع خشبية
000000070688.jpg,كرسي انتظار في شارع عام
000000070724.jpg,"طفل يرتدي ملابس العوم، فوق سطح الماء"
000000070788.jpg,رجل يتزحلق على الجليد مرتدياً قبعة ولوح تزحلق
000000070791.jpg,رجل في بحر يحاول السباحة
000000070856.jpg,طائر رمادي يقف على كومة قش
000000070871.jpg,عدة مراكب وسفن في الماء وعلي جانبيها غابة كثيفة.
000000070889.jpg,طائرة بيضاء علي أرض خضراء متسعة
000000070896.jpg,ثلاثة رجال يسبحون في الماء باستخدام الألواح.
000000070943.jpg,رجل ممسك طفل بيديه وخلفه يسير أحد الأفيال
000000071206.jpg,"شرائح من البيتزا في أطباق، وعليها قطع طماطم."
000000071255.jpg,حقيبة موضوع عليها دُمية على شكل دُب بني يرتدي ملابس رمادية اللون
000000071322.jpg,"إشارة مرور حمراء علي الجانب، وسيارات علي الطريق. وبالخلف مرتفعات"
000000071345.jpg,طريق عام يسير به العديد من السيارات وبجواره هناك يسير قطاران
000000071347.jpg,طفل يرتدي الاحمر ويلعب في الالعاب
000000071360.jpg,طفل صغير رضيع يمسك فرشاة
000000071360.jpg,طفل صغير يضع فرشاة الأسنان في فمه.
000000071384.jpg,مجموعة من السيارات تقف في شارع ودراجة نارية
000000071399.jpg,شرائح من الجزر المقطع في وعاء زجاجي
000000071558.jpg,شجرة يقف بالقرب منها أحد الخراف وجدي صغير
000000071682.jpg,ليمون أصفر وأخضر ويوسفي في السوق وعليهم لافتة السعر
000000071718.jpg,فازة شفافة موضوع بها مجموعة من الزهور
000000071724.jpg,"قارب صغير يقترب من شاطئ الماء،وبعض البيوت وسط الأشجار الكثيفة."
000000071784.jpg,تفاحة حمراء بجوار برتقالة صغيرة
000000071796.jpg,شاطئ رملي محاط بأسوار خشبية موضوع به بعض الكراسي الخشبية بجانب شجرة ويطل على البحر
000000071828.jpg,بقرتان تحت شجرة وأمامهما عربة خشبية.
000000072004.jpg,صينية موضوع بها ييتزا صغيرة معدة للطهي
000000072007.jpg,خبز توست مقسوم من النصف
000000072011.jpg,"أشجار وأوراق عديدة متساقطة علي الأرض، وعلي الجانب الآخر سيارات علي الطريق."
000000072024.jpg,بعض من المراكب الموضوعة على الشاطئ بجوار بعض الرجال
000000072120.jpg,بستان به شجيرات وورود وكرسي صغير.
000000072165.jpg,طفلة صغيرة مستلقية على سرير ومغطاة
000000072187.jpg,زرافات تمشي في الغابة بين الاشجار
000000072216.jpg,ثلاثة أفيال في مكان خشبي يأكلون العشب.
000000072222.jpg,أزهار حمراء في كوب خشبي
000000072237.jpg,"ادوات خياطة، قطعة قماش ووحدة قياس ومقص وابرة"
000000072275.jpg,"طاولة موضوع عليها طبق به فاكهة متنوعة كالموز، التفاخ، الخوخ و المشمش"
000000072370.jpg,يد تحمل قطعة من خضار اثناء التقطيع للطهي
000000072437.jpg,ولدان يجلسان علي حافة سرير ويمسكان بجهاز تحكم.
000000072556.jpg,قط يلاحق طائر صغير بين الاعشاب
000000072605.jpg,قطة سوداء اللون تجلس داخل حوض مياه
000000072621.jpg,طائران أبيضان علي شاطئ الماء
000000072626.jpg,طفلة تحمل طبق وبجوارها طفل صغير
000000072656.jpg,ثلاث أطفال يجلسون على طاولة و يتناولون الطعام
000000072666.jpg,طائرة تابعة للخطوط الجوية الكويتية
000000072681.jpg,ملعب به طفلة ترتدي قبعة سوداء وتمسك بيديها مضرب كرة
000000072752.jpg,"طاولة طعام مربعة محاطة بأربعة كراسي، وعلي الحائط معلق ساعة وبعض الإطارات."
000000072810.jpg,دراجة تستند علي مقعد خشبي في أرض جليدية.
000000072821.jpg,طاولة طعام بها صحن موضوع به ثمرة موز مقسمة وبجانبه زجاجة وكوب وعليها يجلس شخص
000000072944.jpg,طفل يرتدي ملابس برتقاليه اللون ويتزحلق بلوحه على سلم للتزحلق
000000072993.jpg,قطار بخاري اثناء خروجة من تحت جسر
000000073019.jpg,بروكلي وباذنجان وخضرة موضوعين علي الطاولة الخشبية.
000000073154.jpg,حافلة برتقالية أمام حجرة في البستان.
000000073187.jpg,"شاحنة نقل علي طريق.. وبالمقدمة بقرة،ومجموعة ماعز."
000000073187.jpg,مزرعة بها بركة مياة تسير بها عربة نقل و أحد البقرات وبجوارهم يوجد مجموعة من الأغنام
000000073197.jpg,طفل يجلس بالقرب من دمية كبيرة
000000073260.jpg,قطة رمادية يبدو أنها تنظر لشئ ما
000000073260.jpg,هرة جميلة تنظر الي الامام
000000073276.jpg,شاحنة نقل بيضاء أمام مبني.
000000073276.jpg,شاحنة نقل كبيرة بيضاء متوقفة
000000073293.jpg,أب يقف بجوار طفلتان صغيرتان أحدهم تأكل ثمرة
000000073437.jpg,رجل يقود دراجة هوائية بجوار منزل ابيض
000000073661.jpg,"إشارة مرور حمراء  علي الجانب، وسيارات تسير، وفي الخلف مباني كبيرة."
000000073922.jpg,طائران يأكلان من ثمرة فاكهة علي غصن شجرة
000000073925.jpg,أحد الأشخاص ممسك بيديه قطعة من الشطير
000000074138.jpg,عُلبة بلاستيكية على شكل موزة موضوع بها ثمرة موز
000000074159.jpg,حديقة بجانب طريق عام متواجد بها بعض الأشجار ومقعد
000000074331.jpg,علبة من الورق المقوى تحتوي على مجموعة من الموز
000000074348.jpg,طائر ازرق يقف على جذع شجرة
000000074388.jpg,خلاط الطعام ويحتوي على طعام اخضر اللون
000000074390.jpg,طائر ملون يقف على فرع شجرة
000000074466.jpg,اشاره مرور حمراء مكسورة على جانب الطريق
000000074477.jpg,طائر أسود يقف على فرع شجرة
000000074499.jpg,قارب أزرق علي الشاطئ الرملي وبالخلف قارب آخر.
000000074534.jpg,العديد من الأطباق بها أصناف متعددة من الخضار و الفاكهة والجبن و الأرز
000000074711.jpg,بطتان سوداء في البحيرة تسبحان
000000074711.jpg,إوزتان تعومان في الماء الذي يبدو أخضر اللون
000000074798.jpg,طائر بمنقار يقف أعلي بناء.
000000074798.jpg,طائر يقف فوق مدخنة مبنى
000000074923.jpg,أشخاص يرتدون ملابس رياضية بيضاء في الملعب ويمسكون عصا وكرة صغيرة.
000000074951.jpg,أطفال صغار يلبسون الأزرق والأحمر يلعبون الكرة.
000000075046.jpg,زاوية غرفة لها شباك كبير
000000075076.jpg,مقعد خشبي داخل غابة مليئة بالاشجار و الزهور المُلونة
000000075132.jpg,طبق طائر باللون البرتقالي يحلق عالياً داخل حديقة
000000075132.jpg,"مساحة  واسعة مزروعة بالشجر، وبالأعلي طبق برتقالي طائر."
000000075173.jpg,كرسي خشبي موضوع بجانب طريق
000000075190.jpg,شجيرات وزرع كثيف وبالأسفل مقعد.
000000075243.jpg,سفينة تبحر في مجرى مائي بين جبلين
000000075257.jpg,خبز محشو بأوراق خضار بداخل كيس بلاستيكي على طاولة خشبية.
000000075308.jpg,إشارات المرور حمراء وسيارات علي الطريق وعمدان الإنارة مضاءة أمام برج بأعلاه ساعة كبيرة.في جو ضبابي
000000075352.jpg,مرفأ مائي صغير وسفن راسية
000000075496.jpg,طائر يقف على مرآة سيارة حمراء اللون
000000075586.jpg,قط يجلس على كرسي خشبي بين الاشجار
000000075624.jpg,طفلة تمسك بجهاز التحكم وتجلس علي السرير.
000000075663.jpg,مطبخ مرتب به أرفف لوضع الأغراض ومنضدة صغيرة وبعض الرسومات
000000075691.jpg,طائران أبيضان اللون يقفان على سور يطل على بحيرة
000000075806.jpg,مجموعة ألعاب هوائية كبيرة في الهواء علي أرض خضراء.
000000075888.jpg,خضروات متنوعة تشكل شكل مبتسم
000000075923.jpg,دراجة موضوعة بجانب مقعد خشبي
000000076001.jpg,أبقار على سهل اخضر واشجار
000000076005.jpg,دمية بنية كبيرة موضوعة علي منضدة في الردهة
000000076009.jpg,عربات بيضاء تقف بجوار طائرة
000000076014.jpg,دراجة نارية تستند علي جانب الطريق وعلي الجانب الآخر سيارات جوار بعضها أمام مبني
000000076015.jpg,قطعة من التورتة موضوع في طبق بجانبه طبق آخر به تورتة و ملعقة
000000076042.jpg,اصناف حلوى منتوعة في عرض للبيع
000000076107.jpg,قارب صغير في الماء وعليه بعض الطيور البيضاء
000000076111.jpg,شاطئ رملي موضوع به أحد المظال المُلونة
000000076138.jpg,البروكلي: من الخضار الصحية و الغنية جدا بالمعادن
000000076149.jpg,لافتة طريق بجوار مبنى ابيض
000000076150.jpg,لافتة معلقة تنص علي السير على مهلٍ
000000076195.jpg,قطة تجلس على الأرض ويظهر عليها إنعكاسها
000000076207.jpg,إناء موضوع به بعض شرائح اللحم الممزوجة ببعض الخضروات المتنوعة
000000076213.jpg,قطار برتقالي يسير بجانب مزرعة
000000076250.jpg,خزانة عرض حلويات متنوعة ومشكلة
000000076254.jpg,العديد من فاكهة الرمان والبرتقال المُقسمة
000000076307.jpg,خبز فينو في صحن ابيض واسع
000000076310.jpg,غنمة تأكل من الحشائش وحولها طيور  سوداءتحلق.
000000076351.jpg,فيل يستند علي شجرة ضخمة
000000076384.jpg,طاولة مقدم عليها أطباق طعام وعصير
000000076428.jpg,قطعة من الجاتوه موضوع عليها مزيج من فاكهة التوت والفراولة و بجانبها يتواجد شوكة طعام
000000076462.jpg,طبق به شرائح من الموز بجانب كوب من القهوة
000000076487.jpg,رجل يرتدي بدلة واخر بالأمام بجانب مقطورة القطار
000000076491.jpg,كلب اسود وسط ثلوج بيضاء
000000076493.jpg,دراجتان ناريتان أحدهم باللون الأسود والآخرى باللون الأبيض موضوعين بجانب الطريق
000000076589.jpg,بعض الورود في زجاجات الكوكاكولا
000000076654.jpg,بيتزا بالخضار مقدمة علي صحن أسود
000000076674.jpg,كرسي انتظار خشبي بجوار حشائش
000000076680.jpg,طفلة تمسك دمية وترفع يدها
000000076784.jpg,شاب يتزلج علي لوح ويقفز به أمام مبني له نوافذ زجاجية.
000000076802.jpg,غرفة جلوس بها نافذة زجاجية كبيرة
000000076847.jpg,"جزيرة وسط الماء. عليها أشخاص، وبجانبها قاربان."
000000076872.jpg,"مزهرية بيصاء بها ورد برتقالي، علي طاولة زجاجية"
000000076899.jpg,تفاح أحمر بجوار تفاح بني
000000076918.jpg,العديد من الزرع وبالجوار هناك طائر يسير على أحد شواطئ البحر
000000076971.jpg,زرافة وخلفها قطيع حمير وحشية في أرض  عشبية كثيفة
000000076985.jpg,قطة سوداء تجلس خلف النافذة وتنظر إلي الطيور الواقفة خلفه
000000076988.jpg,الكثير من المقصات مختلفة الأحجام موضوعة على طاولة وبعضها موضوع في صندوق
000000077058.jpg,بعض من الفاكهة المعروضة للبيع كالفراولة والعنب و البرتقال وموضوع على كلاً منها سعره
000000077061.jpg,رجلان يركبان على خيول ويسير في طريق صحراوي
000000077063.jpg,"رجل يلبس خوذه يمتطي حصانا، وقت الغروب"
000000077067.jpg,"جليد كثيف يغطي المكان، والسيارات والشاحنة وبعض الأشخاص يسيرون  عليه"
000000077102.jpg,أحواض زرع في زاوية المطبخ
000000077118.jpg,دب اسود يصطاد الاسماك من النهر
000000077184.jpg,باخرة تسير داخل مياه البحر
000000077187.jpg,دب بني اللون يقف أمام شجرة ضخمة
000000077296.jpg,حديقة مليئة بالأشجار والزرع أمامها مقعد يستلقى عليه رجل
000000077304.jpg,كرسي خشبي باللون الابيض امام شاطئ
000000077346.jpg,ساعة خشبية على شكل حيوان
000000077377.jpg,طفلان صغيران مستلقيان يشربان الحليب
000000077415.jpg,شخص ممسك عُلبة في يديه وأمامه طبق به موضوع شطيرة
000000077516.jpg,شطيرة من اللحم و مزيج من الخضروات
000000077548.jpg,أحد الأفيال يسير بجوار بعض المباني
000000077550.jpg,طائرة تحلق عالياً وسط سماء مليئة بالسحاب
000000077557.jpg,"طبق به بعض حبات العنب، والبروكلي وبعض المعكرونة الملتفة"
000000077563.jpg,طائر أسود اللون يقف مقابل المنارة
000000077569.jpg,دراجة نارية باللون الأبيض موضوعة داخل متجر للدراجات
000000077601.jpg,طائرات علي الأرض أمام مسطح مائي
000000077649.jpg,"طبق به خبز ببعض المكسرات، وبجواره كأس قهوة"
000000077697.jpg,زاوية غرفة معيشة وموقد نار
000000077699.jpg,القليل من الكعك مع كوب الشاي
000000077750.jpg,أطباق بها ساندويش و خضار وكوب أحمر
000000077797.jpg,قطار لعبة صغير علي الطاولة
000000077805.jpg,رجل يقوم باطعام طائر ابيض
000000077811.jpg,سيارة لعبة صغيرة صفراء مضاءة المصابيح
000000077855.jpg,أثنان من الغنم يتغذون على الحشائش
000000077899.jpg,سيارة اطفاء اثناء عملية تزويدها بالماء
000000077901.jpg,دمية تجلس في زاوية فوق منضدة خشب
000000077912.jpg,سفينة كبيرة علي الشاطئ وحولها أشخاص وبالخلف جبال عالية
000000077924.jpg,سيارات تقف على اشارة ضوئية
000000077928.jpg,رجل يقف مع أحد الخيول البنية الموجود داخل أسطابل الخيول
000000077953.jpg,مراكب وقوارب تصطف في المرسي أمام المباني
000000077953.jpg,ميناء مليئة ببعض المراكب الملونة بجوارها بعض المباني
000000077990.jpg,بوتجاز مع فرن لاعداد الوجبات الشهية
000000078085.jpg,مكتب عليه ثلاثة أجهزة حاسوب وبعض الأوراق
000000078089.jpg,أرض واسعة بها أبقار وكلب
000000078106.jpg,طائر يحلق عاليا فوق الشجر
000000078107.jpg,شاشة تلفاز تجلس أمامها قطة وتنظر إليها
000000078117.jpg,كرسي خشبي ابيض واخضر وسط الحديقة
000000078130.jpg,ارض بجوار غابة بها يجلس أحد الزرافات بجوار بعض الزرافات الآخرى
000000078188.jpg,"قطة تنام علي لوحة مفاتيح الحاسوب المحمول، الموضوع علي السرير"
000000078194.jpg,طفل مستلقي على أريكة ممسكاً بأحدى يديه فرشاة أسنان
000000078243.jpg,غابة بها بعض الافيال مع  صغارها
000000078260.jpg,غرفة تحضير الطعام بها طاولة موضوع عليها فازة وحولها مقاعد وبها أيضاً بعض الأجهزة الأخرى
000000078283.jpg,"صندوق خشبي كبير يحوي عددا من التفاح الأخضر والأحمر، وآخر به برتقال"
000000078286.jpg,"إشارتي مرور وسيارات علي الطريق، خلفهم مبني"
000000078314.jpg,دباب فوق عربة نقل في الشارع
000000078354.jpg,طائرة تحلق عالياً فوق أحد المباني
000000078400.jpg,رجل وبنت صغيرة تقوم باللعب في شعره.
000000078407.jpg,ثلاث من الدمى أثنان بشكل دُب و الآخر بشكل قطة
000000078477.jpg,صحن موضوع على طاولة به عدد من البرتقال والليمون
000000078494.jpg,حمامتان أحدهما نائمة والأخري متيقظة
000000078546.jpg,مجلى مطبخ عليه بعض الاواني
000000078621.jpg,مقعد خشبي في وسط حديقة مليئة بالزرع والعشب
000000078663.jpg,غرفة بها سرير بجانب سرير آخر بدورين
000000078681.jpg,حديقة مليئة بالعشب والشجر بها مقعد
000000078762.jpg,طائرات ورقية بيضاء في السماء. وبالأسفل مسطح مائي ومساحة خضراء عليها بضعة أشخاص
000000078797.jpg,طائر يقف أمام نافذة دائرية تطل علي أشجار كثيفة.
000000078865.jpg,قطار  يسير وسط مساحة واسعة خضراء
000000078900.jpg,عدة أبقار تجلس تحت شجرة
000000078909.jpg,صحن به شطيرة وخضار وصلصة بيضاء
000000078920.jpg,رجل يتزحلق على الموج ممسكاً لوح تزحلق بجوارة بعض الأشخاص الآخرين
000000078941.jpg,خمسة أزواج من الأحذية وقط بجوارهم
000000078979.jpg,طائرة حربية قديمة الطراز في المتحف
000000079011.jpg,ثلاث زرافات في الغابة الواسعه
000000079047.jpg,تمثال لدب أسود وسط الطريق
000000079058.jpg,طفلة تأكل قطعة حلوي في طبق
000000079111.jpg,تفاح أخضر في وعاء خشبي
000000079116.jpg,زجاجة بها ورد تتوسط شمعتين
000000079146.jpg,"جزر مبشور وعليه بعض الخضرة، في طبق وبه ملعقة"
000000079156.jpg,مزهرية موضوعة علي طاولة خشبية أمام نافذة عليها ستائر
000000079172.jpg,تفاح وبرتقال في صناديق وفوقهم موز معلق
000000079191.jpg,لافتة طريق على جانب الشارع
000000079196.jpg,كلب يرقد علي وسادة  علي الأرض خلف نافذة بيت
000000079224.jpg,الكثير من الفاكهة المتنوعة المعروضة للبيع
000000079258.jpg,ولد يقود عربة بحصان في البستان الأخضر الواسع
000000079274.jpg,مقعد خشبي بجوار حائط من الورد الاحمر
000000079355.jpg,بعض من حقائب السفر الموضوعة فوق بعضها
000000079356.jpg,"رجلان يجلسان علي مقعد علي فيل، وولد يقود الفيل بين الشجر"
000000079392.jpg,طائرة تحلق فوق أشجار مزهرة
000000079394.jpg,مجموعة حبيبات من الحلوى ذات الوان جذابة
000000079396.jpg,طفل صغير يضع فرشاة في فمه أثناء الاستحمام
000000079397.jpg,احد الاطفال يستعد لتطيير طائرته الورقية
000000079423.jpg,"أصناف حلويات،كعكات بالشيكولاتة والكريمة والفراولة"
000000079453.jpg,ربطات عنق ملونة معلقة بجوار بعضها
000000079460.jpg,خمسة قوارب مغلقة  علي حافة الماء
000000079471.jpg,دمية بنية في المقعد الخلفي للسيارة
000000079490.jpg,ملعب مكسو بالاشجار ومقاعد انتظار
000000079506.jpg,أواني طهي بها طعام مشوي من لحم وبطاطس
000000079545.jpg,مجموعة من الحيوانات تأكل بجوار النهر
000000079546.jpg,طائرة كبيرة تستعد للإقلاع عن الأرض
000000079555.jpg,سلطة من المكرونة ممزوجة ببعض الخضروات
000000079559.jpg,دمية وردية اللون داخل غسالة
000000079619.jpg,طفل صغير يجلس على كرسي
000000079628.jpg,عربة خضراء تقف بجوار عشب كثيف وبالأمام سيارات سوداء
000000079641.jpg,ولد يسبح مبتسما علي لوح
000000079642.jpg,ثلاث من طيور الطاووس المُلون محاطين ببعض السياج
000000079667.jpg,طاولة عليها عدد من البيتزا المجهزة للطهي
000000079762.jpg,دُب على شكل دمى موضوع على سرير
000000079768.jpg,مزرعة امام بحيرة يجلس عليها أحد الخراف
000000079792.jpg,أطباق بها خضار على حافة المطبخ
000000079816.jpg,سيارة لفردين مفتوحة الباب أمام البحر
000000079841.jpg,صورتان لشخصين يركبان دراجة في مكانين مختلفين
000000079846.jpg,"غرفة خشبية قديمة، ومطفئة حريق"
000000079846.jpg,كوخ خشبي صغير بين الشجر
000000079966.jpg,دراجة بها يجلس كلب أسود اللون ممسكاً في فمه كرة برتقالية
000000080016.jpg,طفل رضيع يجلس على دميته الدُب
000000080030.jpg,قطيع غنم يسير في ممر ضيق بين الأشجار
000000080123.jpg,طاولة موضوع في وسطها تورتة وحولها عديد من الأطباق والشوك
000000080194.jpg,مضرب تنس ارضي يحمل كرة
000000080303.jpg,آلة زراعية كبيرة خضراء تحرث الأرض
000000080311.jpg,طفل يلعب على مطبخ مخصص للأطفال
000000080337.jpg,رجل قطف ثمار الموز في مزرعة
000000080367.jpg,صحن أبيض به طعام وفلفل مقطع وبروكلي
000000080401.jpg,بحيرة بها مركبة تطفو عليها
000000080406.jpg,مجموعة من البط يأكل العشب
000000080455.jpg,رأس رجل ثلج ذي عينين من شرائح الليمون وأنف من جزرة
000000080462.jpg,مطار بجانب مدينة مليئة بالأنوار في وسط سماء مليئة بالرعد والغيوم
000000080511.jpg,شطيرة بها قطعة من اللحم
000000080562.jpg,حقيبة ظهر معلق بها دُمية على شكل دُب بني اللون
000000080566.jpg,بطة خزف ملونة بجوار شاشة ولوحة مفاتيح
000000080739.jpg,اشارة مرور صفراء اللون وسط الطريق
000000080745.jpg,بعض من ثمار فاكهة الموز الموضوعة فوق بعضها
000000080747.jpg,أرجوحة تتأرجح عليها فتاة واضعا فوقها دميتها
000000080824.jpg,ثمرة تفاح مُقسمة وموضوع جانبها سكين
000000080835.jpg,طائرين اسودين يقفان على جذع شجرة
000000081033.jpg,كتاب مطبوع عليه لوحة مفاتيح
000000081100.jpg,طفل صغير يمسك مضرب تنس أرضي
000000081117.jpg,غابة مليئة بالأشجار والزرع وبها ثلاث مقاعد خشبية
000000081211.jpg,"شارع بسيط علي جانبيه بيوت، ومعلق أمامها ملابس ودمي."
000000081264.jpg,قطار يمشي على جسر فوق الماء
000000081274.jpg,طفلة تتناول مشروبا اثناء الغذاء
000000081361.jpg,طفل وطفلة تمسك بيدها دمية كبيرة على شكل دُب
000000081365.jpg,"صينية بها خضار مطبوخ، بروكلي وجزر وبصل  ولفت وقرع وغيره"
000000081372.jpg,ثلاث دمي. بقبعة علي مقعد صغير علي الجانب.
000000081416.jpg,دراجة نارية تمشي بسرعه فائقة
000000081431.jpg,مزهرية  زجاجية بها ماء وورود موضوعه أمام الشرفة
000000081504.jpg,الكثير من الفاكهة المختلفة كالموز والبرتقال وغيرها وبجانبهم يتواجد طبقان بهم شطيرة و الآخر بعض الفاكهة
000000081587.jpg,مدينة مليئة بالأنوار بها بحيرة بها أحد البواخر
000000081622.jpg,إشارة مرور تشير للون الأحمر في طريق يسير به بعض السيارات
000000081630.jpg,طائر الصقر يحلق فوق البحر
000000081798.jpg,أشخاص يتزلجون علي الألواح علي الجليد
000000081855.jpg,شاطيء بحري كبير وفارغ ورمال صفراء
000000081897.jpg,مقعد خشبي أمام أمواج البحر
000000081956.jpg,مظلة حمراء فوق أزهار وشجيرات
000000081981.jpg,إناء به موضوع قطعة من الحلوى
000000081994.jpg,بعض الازهار الطبعيية في اناء زجاجي
000000081998.jpg,صحن يحتوي على تفاح واخر برتقال
000000082003.jpg,أرفف مطبخ موضوع عليها الأطباق
000000082007.jpg,طائر أبو قردان في الماء
000000082021.jpg,طائر المنقار الجميل بألوانه الرائعة
000000082041.jpg,مجسمات قطنية للجزر والموز والبيض
000000082174.jpg,طاووس أبيض وآخر ملون يقف كل منهما علي كرسي أبيض متجاوران وخلفهما شجر
000000082313.jpg,مظلة برتقالية اللون وسط الطريق
000000082367.jpg,الساعة الان الواحدة الا اربعة
000000082468.jpg,صحن به بطاطس شرائح محمرة وقطعتي لحم وجزر
000000082480.jpg,جهاز تجفيف الشعر موضوع أمام مرآة
000000082565.jpg,طريق داخل حقل ملئ بالزرع بجواره أحد الحقول
000000082576.jpg,قارب  في الماء مثبت بحبل بالقرب من الشاطئ
000000082604.jpg,جهاز لابتوب موضوع على الأرض وتجلس أمامه قطة واضعه يديها وتنظر إليه
000000082627.jpg,طيور تصطف علي مصباح عمود إنارة
000000082658.jpg,فواكه من الكيوي والعنب الاصفر والاحمر
000000082815.jpg,أحد الأشخاص ممسكاً بيديه طعام و يُطعم أحد الزرافات
000000082836.jpg,بعض من الطيور تجلس بالقرب من شاطئ البحر
000000082879.jpg,بنت تمسك بمضرب تنس وعلي الجانب الآخر سيارات مصطفة
000000082904.jpg,ساحة بها حصانين وعربة في شارع مضيء
000000082984.jpg,طفل يأكل شريحة خبز ويجلس علي مقعد السياراة
000000083014.jpg,ثلاثة اوعية تحتوي على المثلجات
000000083023.jpg,رجل يطلق طائرة ورقية في الهواء
000000083067.jpg,قارب ابيض وسط الماء بجوار اشجار
000000083134.jpg,طفلة تطهو بيتزا وبجوارها طفلان صغيران في غرفة طعام
000000083386.jpg,غرفة بها طفلان مستلقيان على السرير
000000083393.jpg,ساعه على الرصيف في الشارع
000000083508.jpg,طفل صغير يجلس على الكرسي
000000083518.jpg,طائر أسود يقف وسط أرض مليئة بالزرع وينظر للأعلى
000000083557.jpg,مدخل منزل به كرسي وأبواب بيضاء
000000083561.jpg,"ثلاثة بقرات عجاف، ونهر وقارب صغير"
000000083632.jpg,ستة  طائرات صفراء في السماء يتبعها بخارها.
000000083672.jpg,طفل صغير ينظر الي الشمس
000000083990.jpg,طائرة تحلق عالياً فوق بحيرة
000000084034.jpg,أربعة مقصات موضوعون علي قماش بجانب الورد
000000084108.jpg,طفل صغير يحمل هاتف في يده
000000084131.jpg,بعض الماعز النحيلة تأكل الحشائش أعلي مرتفعات
000000084155.jpg,طفلة تتمدد علي سرير مفروش بملاءة وردية
000000084235.jpg,"خبز به نقانق وبعض صلصة الطماطم، وبأسفله ورق خضار"
000000084243.jpg,أحد البقرات تقف بين جذوع أشجار
000000084324.jpg,حقيبة سفر صغيرة وردية وفوقها قبعة
000000084339.jpg,وجبة غذائية تحتوي على الروبيان و الفلفل الاحمر
000000084396.jpg,طفل يرتدي ملابس حمراء ويتناول شطيرة وخلفه يتواجد باص باللون الأحمر
000000084447.jpg,دراج يجلس على الارض بجوار دراجته
000000084493.jpg,طبق به عدد من شرائح البيتزا
000000084495.jpg,ثلاثة أفيال علي أرض عشبية
000000084536.jpg,عدد من تماثيل الدببة السوداء الموجودة بداخل غابة مليئة بالشجر و الزرع
000000084548.jpg,هاتف خلوي قديم جدا مكسور
000000084610.jpg,طفل علي متن قارب في الماء يضع قطعتي موز في فمه
000000084873.jpg,فطيرة البيتزا مع الطماطم و البروكلي
000000084873.jpg,بيتزا مليئة بالجبن والخضروات كالطماطم والبروكلي
000000084959.jpg,طفل صغير في المطبخ يقوم بإعداد طبق حلوى
000000085045.jpg,رجل ممسك بيديه شطيرة وبجواره باص أحمر
000000085151.jpg,مجموعه من الاطفال يطلقون طائرة ورقية
000000085162.jpg,بقرة تخرج رأسها من نافذة مبني
000000085515.jpg,قارب شراعي يبحر امام مدينة
000000085625.jpg,شجرة من اشارات المرور الخضراء
000000085629.jpg,دُمية على شكل دُب ملقى على جانب الطريق بجانبه كيس من المخلفات
000000085644.jpg,حديقة بها عصفور يقف بداخل حديقة بجانبه  مقعد خشبي
000000085728.jpg,قطتين يجلسن على نوافذ كبيرة
000000085750.jpg,حائط أبيض موضوع بداخله نافذة بها ساعة حائط
000000085826.jpg,طفلة رضيعة تمرح أمام الحاسوب علي السرير
000000085847.jpg,عدة قوارب تصطف جوار بعضها علي حافة الماء وخلفها شجر
000000085852.jpg,طفلة صغيرة تمسك بمظلة خضراء
000000085856.jpg,صالة بيت بها أريكة حمراء بجانبها منضدة خشبية وشباك
000000085888.jpg,العديد من المراكب و السفن داخل المياه
000000085902.jpg,"طبق به برتقال مقطع، وبجواره. كوب  عصير"
000000085960.jpg,ثلاثة نماذج مصغرة خشبية لقوارب
000000085998.jpg,طاولة موضوع عليها طبق من قطع اللحم وآخر من البروكلي
000000086020.jpg,شاحنة متوسطة تظهر في مرآة سيارة اخرى
000000086031.jpg,"صناديق خشبية بها موز أخضر وتفاح ويوسفي، وجانبهم قطة"
000000086267.jpg,قطع من الحلوي الدائرية المحلاة
000000086399.jpg,جزر مقشر وبروكلي وطماطم بجانب إناء
000000086464.jpg,طاولة خشبية بها إناء موضوع به فاكهة متنوعة كالموز والبرتقال
000000086476.jpg,مجموعة من الحلويات في. كرتونة
000000086564.jpg,طفل يبتسم ويأكل قطعة حلوي
000000086576.jpg,طير أصفر اللون يقف على فرع شجرة
000000086835.jpg,شبابيك منزل وحديقة وسياج  وكرسي انتظار
000000086835.jpg,منزل طوبى ذو باب أبيض وأمامه عشب مزروع
000000087000.jpg,موقد موضوع عليه أثنان من الصواني
000000087113.jpg,رجل يتكلم في الهاتف على جانب الطريق
000000087125.jpg,طفل يعد بيتزا مربعه باللحم والخضار والسجق
000000087141.jpg,دمية بيضاء اللون تجلس على مقعد
000000087156.jpg,قطار اصفر يمشي بين الحشائش الخضراء
000000087210.jpg,قارب في بحيرة متجمدة مقابل جبل جليدي
000000087230.jpg,سرير مفروش مضاء بمصابيح علي الجانبين
000000087450.jpg,سوق به برتقال كثير مرصوص وبجانبه بصل وأشخاص يقفون
000000087479.jpg,ثلاث من الرجال يلهون بطبق بلاستيكي
000000087513.jpg,طفل يحاول تقليب الطعام في المطبخ
000000087588.jpg,شخصان يسيران نحو مجمع الدراجات علي الجانب تحت الشجر.وبظهر أعلي اليسار مرآة
000000087629.jpg,طاولة طعام مستلقية عليها قطة بيضاء
000000087638.jpg,صفحة غلاف البداية والنهاية للكتاب
000000087655.jpg,طفل يقوم أحد بإطعامه شطيرة
000000087672.jpg,جانب من طائرة ورجل يقود سلم الكتروني
000000087812.jpg,قطار يسير على القضيب بجواره سور وبعض الأشجار
000000087812.jpg,قطار فضي بجوار سياج طويل
000000087890.jpg,مجموعه من الاكياس الورقية والشفافة بها خضار
000000087936.jpg,حمار وحشي محاط بسور من الأسلاك وأمامه حشائش
000000088087.jpg,طفل داخل ملعب يرتدي قفاز على رأسه وممسكاً بأحدى يديه مضرب للكرة
000000088556.jpg,طائرة رصاصية اللون علي أرض المطار وأمامها شخص
000000088556.jpg,طائرة للركاب متواجدة في مطارت الطائرات وأمامها يقف رجل المرور
000000088748.jpg,محل ملئ بالزهور والورد الملون والشجيرات الخضراء
000000088803.jpg,طفلة تحاول قص شكل بقرة على ورق
000000089005.jpg,عصفورتان داخل ورق شجرة وأغصان صغيرة
000000089005.jpg,عصفوران يقفان على محموعة من الأغصان وفروع الشجر
000000089112.jpg,طفلة  جالسة علي طاولة و تمسك بشوكة عاليا وتأكل المعكرونة الطويلة
000000089132.jpg,قوارب صغيرة في الماء الذي تحفه غابة كثيفة
000000089500.jpg,باص يمشي على الطريق وسط الاعشاب
000000089500.jpg,مزرعة كبيرة مليئة بالأشجار والحشائش وبها طريق يمر من خلاله باص
000000089541.jpg,طبق به فراولة  وموز وقطع خبز.
000000089589.jpg,"ولد وفتاة تأكل حلوي، جالسان علي السرير"
000000089598.jpg,شابان يلعبان التنس في الملعب
000000089703.jpg,طفلة تحمل دميتها وتقف على باب غرفة
000000089725.jpg,صينيات بها حلوي دائرية محلاة.
000000089735.jpg,بعض من شرائح الجزر الموضوعة في مقلاية
000000089745.jpg,ساعة معلقة بأعلي برج وأمامه شجر والسماء ملبدة بالغيوم
000000089745.jpg,مبني معلق أعلاه ساعة حائط
000000089765.jpg,إناء طهي علي موقد به أرز وجزر مبشور
000000089804.jpg,تورتة من الكريمة  موضوع عليها طبقة من فاكهة الفراولة يتوسطها شمعة
000000089835.jpg,حمامة أسفل كراسي خشبية وطاولة
000000089884.jpg,كراسي بحر ومظلة شمس بالقرب من الشاطئ
000000089892.jpg,سلة بها عدد من التفاح الأخضر
000000089894.jpg,مزهرية بيضاء بها ورود حمراء
000000090040.jpg,بعض من المراكب الموضوعة بالقرب من شاطئ البحر
000000090051.jpg,بحيرة بداخل مزرعة مليئة بالاشجار و الزرع وبها أحد الأبقار التي تشرب من الماء
000000090192.jpg,صحن فواكه مقطع يحتوى على مجموعة من الاصناف
000000090237.jpg,رجل يقوم بعرض الواح التزلج على الامواج
000000090278.jpg,حمامة تقف علي جانب طريق وبالأمام حافلات وأشخاص
000000090349.jpg,قطتان تنامان علي صخرة وخلفها عشب
000000090350.jpg,حصان ابيض يقف في مزرعة
000000090523.jpg,طفل يجلس على إريكة ممسكاً بيديه ثمرة موز
000000090566.jpg,رجل يرتدي قبعة داخل منطقة ثلجية ينظر للأطفال التي تلهو بالألعاب الورقية
000000090678.jpg,رجلان متواجدان داخل حديقة مليئة بالزهور الملونة
000000090724.jpg,سلة تسوق مليئة بالخضار والفواكه
000000090732.jpg,طفلة صغيرة تقوم باعداد الطعام
000000090738.jpg,دراجة على الطريق وابقار على الطريق
000000090864.jpg,طفل صغير يجلس فوق مركب على شاطئ البحر
000000090864.jpg,طفل يجلس في مقدمة لوح عريض علي الشاطئ الرملي
000000090867.jpg,أشارة بجانبها عمود به حبال كهربائية يقف عليه سرب من الطيور
000000090888.jpg,"طاولة خشبية عليها جهاز تحكم بألعاب الفيديو، وخلفها أريكة خضراء"
000000090964.jpg,قطتان ذاتا شعر كثيف ترقدان علي طاولة بيت خشبية.
000000090985.jpg,حبة من الطماطم تتوسط البرتقال
000000090994.jpg,بقرتان تأكلان العشب وخلفهم غنم
000000091005.jpg,دراجة نارية أمام باب معدني لأحد المباني القديمة
000000091063.jpg,قطار أحمر يسير تحت محطة مغطاة
000000091105.jpg,اثنين من الاطفال الصغار واحدهم يحمل كرة الهوكي
000000091130.jpg,أطباق جوار بعضها بها خضار وجزر وعنب وبعض المكسرات
000000091160.jpg,بركة مليئة بالزرع بها طائران أحدهم يشرب من الماء
000000091234.jpg,مجموعه من السيارات متوقفة مكسوة بالثلوج
000000091301.jpg,دراجة تستند علي جذع شجرة كبيرة وسط العشب
000000091371.jpg,قارب صغير بالقرب من شاطئ البحيرة
000000091397.jpg,دُمية على شكل كلب موضوعة بجانب دُمية دُب
000000091547.jpg,سور محاط بحمام سباحة يقف عليها طائران
000000091610.jpg,طائر ذو رقبة طويلة يقف بين أغصان الشجرة
000000091637.jpg,رجل وبنت يلعبان بالطائرة الورقية في الحديقة
000000091725.jpg,رجل يقوم بإعداد البيتزا في مطبخ مطعم
000000091743.jpg,أطفال يقفون ويمسكون مضرب تنس
000000091766.jpg,"بيض  وتوت احمر وأسود وكريز وبروكلي وجزر وبطاطس، موضوعون بداخل صينية مربعة خشبية"
000000091912.jpg,حمام سباحة كبير يطل علي مسطح مائي  ومنشآت كبيرة
000000091933.jpg,طاولة خشبية حولها مقاعد خشبية
000000091942.jpg,زاوية مطبخ . ثلاث ساعات بجوار بعض
000000091954.jpg,شاحنة قديمة علي جانب الطريق وخلفها أشجار
000000092115.jpg,قطار داخل أحد الأنفاق أحد أبوابه مفتوحه
000000092134.jpg,بعض من الكراسي الخشبية الموضوع على رمال أحد الشواطئ ووسطها مظلات
000000092136.jpg,طائر ابيض يقف على حافة صخرية على شاطئ
000000092167.jpg,طائر أزرق يحلق فوق أرض رملية والشمس متوهجة.
000000092176.jpg,طائر يقف أعلي غصن شجرة
000000092205.jpg,رجل المرور واقف على الطريق ممسكاً لوحة بيديه تشير للوقوف
000000092212.jpg,طريق عام يسير به العديد من السيارات ومتواجد على جانبه العديد من اللافتات
000000092212.jpg,مجموعه من السيارات تقف بجوار الطريق
000000092217.jpg,قرطاسية وجهاز حاسوب محمول وزجاجة ماء
000000092346.jpg,موقد طعام  به لحم مطبوخ وعليه طواجن للطعام
000000092377.jpg,طائر واقف علي حافة مقعد
000000092488.jpg,إشارة مرور بجوار مبانئ وعلى أحدهم مُعلق ساعة
000000092543.jpg,طفلة في الحديقة تلبس فستانا أحمر وتنظر لأعلى
000000092558.jpg,قطيع ماشية وبعض الحمير الوحشية بين نبات القمح.
000000092575.jpg,دمية بنية علي طاولة زجاجية وأمامها كوب من العصير
000000092585.jpg,أحد المراكب تسير داخل البحر
000000092601.jpg,جهاز حاسوب محمول وبجواره فأرة مؤشر
000000092631.jpg,حقل به منزل موضوع أمامه مقعد ويطل على بحيرة كبيرة بداخله بعض من الأغنام التي تتغذى على الحشائش
000000093031.jpg,قطعة صغيرة من الحلوة والمكسرات
000000093140.jpg,غرفة تحضير الطعام بها موقد إالكتروني و بعض الأدوات الآخرى
000000093175.jpg,طفل يجلس امام الحاسوب ويمسك الماوس
000000093288.jpg,"لوح من الكيبورد بجانبه العديد من الأدوات كالأقلام المختلفة، الشكل و الحجم ، مقلمة و مقص وغيرها من الأدوات الآخرى"
000000093356.jpg,طاولة ومقاعد تعلوها مظلات وتطل علي البحر
000000093675.jpg,حقيبة سفر علي الأرض بجانب أدراج
000000093947.jpg,طبق موضوع به مزيج من الفاكهة الموز والتوت
000000093971.jpg,قوارب محمول عليها ألعاب كبيرة  ملونة وخلفها أشجار.
000000093985.jpg,ولد يرتدي نظارة ويلبس قفازا ليلتقط به الكرة التي تفترب منه
000000094103.jpg,أربعة أطباق بأحدهم جزر وبالثاني قطع خبز وعنب والثالث بازلاء خضراء والاخير قطع معكرونة
000000094148.jpg,مزرعه بجوار الطريق ولها سياج ولوحة اعلانات
000000094174.jpg,طفل يرتدي ملابس صفراء وممسكاً بكلتا يديه دميته
000000094202.jpg,سيارة سوداء داخل مزرعة وبالقرب منها يقف مجموعة من الأبقار
000000094272.jpg,تورتة كريمة بها مُصمم بعض الورود
000000094299.jpg,طفل صغير يحمل مضرب تنس
000000094307.jpg,خضار وفراولة وبرتقال وبيض وجزر موضوعون علي مفرش
000000094514.jpg,طبق زجاجي به تفاحة وبرتقالة
000000094527.jpg,إناء ازرق لإعداد وصفات الطعام وبجانبه مضرب معدني
000000094590.jpg,صحن به حلوي دائرية مزينة.
000000094666.jpg,"سلات بها فلفل أحمر وبروكلي، معروض عليه السعر في ورقة."
000000094667.jpg,دب ابيض كبير ياكل اللحوم
000000094678.jpg,حقيبة سفر سوداء بها ميدالية على شكل ويندوز
000000094704.jpg,بعض الطيور تقف على حافة المنزل
000000094714.jpg,طفلة داخل ملعب تمسك بكلتا يديها مضرب للكرة
000000094716.jpg,جاموسة وصغيرها داخل حظيرة حجرية
000000094753.jpg,مقعد حديدي يتواجد في وسط مزرعة تطل على بحيرة
000000094884.jpg,موقد به عجين علي أشكال متنوعة يتم طهيه
000000094893.jpg,رجلان من فريقان مختلفان ويلعبان كرة القدم
000000094926.jpg,طفل صغير يرتدي حقيبة ظهر وينظر لدُب قطبي داخل جبال ثلجية
000000094949.jpg,ثلوج بيضاء تكسو الأرض والأشجار
000000094952.jpg,محطة سكة حديد والقطار قادم وأشخاص علي الجانب.
000000095001.jpg,استعراض للطائرات في السماء مع دخان ملون
000000095029.jpg,طفلة تبتسم وأمامها دمية وجزر
000000095029.jpg,طفل أشقر يجلس على مائة طعام موضوع أمامه كوب ودمية و إناء به بعض من الجزر
000000095061.jpg,باص يقف أمام أحد المباني بجانب العديد من السيارات الآخرى
000000095079.jpg,صنبور بجانبه كوب موضوع به مجموعة من فرش الأسنان و بجانبه أيضاً معجون للأسنان
000000095096.jpg,قطار يسير على القضبان و بالجوار طريق به مباني ويسير فيه بعض السيارات
000000095105.jpg,أحدهم يمسك بيده حلوي دائرية بمنديل
000000095105.jpg,أحد الأشخاض ممسكاً بيديه قطعة من الدوناتس
000000095121.jpg,"شجرة كبيرة لا اوراق لها بجانبها مقعد خشبي، تطل علي الماء وبالخلف مرتفع صخري"
000000095161.jpg,بعض من المظلات الملونة الموضوعة بجوار مبنى و يوجد ساعة حائط موضوعة عليه
000000095211.jpg,طفل على مقعد انتظار بجانبه حقيبة
000000095292.jpg,بيتزا موضوعة علي لوح خشبي وبجانبها أداة لتقطيعها.
000000095336.jpg,طفل جالس على مائدة الطعام وأمامه بعض الأطباق وممسكاُ بيديه عُلبة من الزبادي ويتناولها بيديه
000000095375.jpg,حمير وحشية تأكل العشب وقوس قزح يظهر في السماء
000000095390.jpg,مسطح مائي علي جانبيه شجر وجسر أبيض بالمنتصف
000000095418.jpg,أطباق زرقاء بها بيض وكوبين من القهوة ووعاء فاكهة
000000095427.jpg,"برتقال عديد فوقه نصف برتقالة مقسومة،وفوقة ورقة مكتوب عليها السعر للكيلو."
000000095441.jpg,مجموعة من البجع أسود اللون
000000095533.jpg,رجل يرتدي ملابس رياضية داخل ملعب ممسكاً بأحدى يديه مضرب للكرة ويدفع به الكرة
000000095583.jpg,رجل يمسك بمظلة سوداء وأوراق ويمشي في شارع
000000095677.jpg,رجل يضع عملات معدنية في الة الوقوف
000000095692.jpg,رجل يتزحلق بلوح التزحلق وبالجوار تتواجد مظلة يتواجدون أمام بحيرة كبيرة
000000095737.jpg,طبق به موز اصفر وعليه نقاط سوداء
000000095833.jpg,فيل وسط الماء يشرب وقت الغروب
000000095879.jpg,جرار برتقالي له عدة عجلات كبيرة
000000095940.jpg,طائرة تحلق فوق الأهرامات والرمال
000000096006.jpg,رجل يسير بالقرب من بحيرة بجوار بعض المباني
000000096044.jpg,ابقار تأكل العشب بالقرب من مسطح مائي
000000096076.jpg,طائرة تحلق فوق مجموعه من المراكب
000000096251.jpg,"رف عليه أكواب شمع ومزهرية بها ورد أبيض،وبعض النباتات"
000000096327.jpg,طبق به ثمرة موز مقطعة إلي شرائح بجانب بعض البسكويت و ملعقة موضوع بها صوص
000000096459.jpg,أحد البطات تسبح بداخل الماء
000000096481.jpg,دُب بني يقف سانداً كلتا يديه على جزع شجرة
000000096514.jpg,طائر أبيض وأسود يقف فوق الماء
000000096679.jpg,إوزة بيضاء تعوم في الماء
000000096975.jpg,حقيبة سفر كبيرة بداخلها كرتونة
000000096991.jpg,بحيرة وجليد وكرسي انتظار وأشجار
000000097201.jpg,بعض من الطيور السوداء تقف على فروع الأشجار
000000097283.jpg,مجموعة كبيرة من الابقار بجوار منازل
000000097376.jpg,طفل يرتدي ادوات التزلج على الجليد
000000097411.jpg,سرير موضوع عليه عُلبة من البيتزا المقطعة إلى شرائح
000000097496.jpg,عربات مصممة على شكل حلوى
000000097686.jpg,العديد من الثلاجات القديمة الموضوعة جانباً بجوارها غابة مليئة بالشجر
000000097844.jpg,"جهاز حاسوب محمول وبجانبه شاشة، موضوعان علي طاولة معدنية"
000000097890.jpg,العديد من الفاكهة المنوعة المعروضة للبيع وموضوع عليها لافتات بسعرها
000000097976.jpg,صحن به خبز محشو باللحم وبعض البطاطس المقلية  وبجانبه علي الطاولة أطباق أخري
000000098115.jpg,فار يقف بجوار بروكلي اخضر
000000098145.jpg,دميتان تنظران لدمية مستلقية في سلة
000000098155.jpg,بيت أمامه عمود معلق عليه لافتة ممنوع التوقف
000000098182.jpg,طفل يلهو في حديقة منزل
000000098187.jpg,رجل يمسك بحبل طائرة ورقية في أرض واسعة وبالخلف عدة أشخاص أيضا
000000098190.jpg,ولد يرتدي قفازا في الملعب وبالخلف ولد آخر
000000098471.jpg,سيارة للنقل بجانب الطريق في خارج البيت وأمامها بعض الشجر
000000098631.jpg,بعض من المظلات الطائرة الملونة
000000098636.jpg,طائر يسير امام مركبات في مرفأ بحري
000000098679.jpg,عامود انارة عليه لافتات طريق
000000098707.jpg,شجرة موز بها موز أخضر
000000098746.jpg,حشد من الأشخاص والأحصنة في جو جليدي
000000098748.jpg,زاوية مطبخ ابيض وخزانات بني
000000098772.jpg,طائر ابيض يقف فوق الماء وسط الحشائش
000000098887.jpg,طائر ابيض طويل يقف بجوار الفرن
000000098956.jpg,طفلة تبتسم ممسكة بدمية صغيرة
000000098979.jpg,جهاز تسخين وطهي الطعام الكهربي موضوع علي رخام المطبخ
000000099025.jpg,أتوبيس أزرق اللون يسير في طريق بجانب مزرعة
000000099026.jpg,مجموعه من الخراف تقف بجوار بعضها
000000099041.jpg,مطعم بيتزا أمامه كرسيان وسلة قمامة
000000099073.jpg,مراة كبيرة وطاولة سوداء اللون
000000099218.jpg,حديقة بها طفل يركض ممسكاً بيديه طائرة ورقية
000000099219.jpg,شخصين يلعبان كرة بيسبول بالمضرب
000000099219.jpg,ملعب به رجلان أحدهم ممسك مضرب ويرميبه الكرة والآخر يحاول ألتقاطها
000000099222.jpg,بعض الخضراوات الطازجة المعدة للغداء
000000099283.jpg,عربة قطار صدأة المعدن وخلفه شجر
000000099295.jpg,إناء به بعض من الفاكهة المتنوعة كالتفاح و العنب و غيرها
000000099311.jpg,عدة مزهريات ملونة مصطفة علي رف خشبي
000000099316.jpg,كرسي خشبي ومظلة شمسية اما بحيرة
000000099388.jpg,فراشات فوق شرائح برتقال وموز
000000099392.jpg,طفلتان تحضنان بعضهما ومعهم دمية صغيرة
000000099405.jpg,ذيل طائرة ترتفع في السماء أعلي الجبال
000000099519.jpg,سفينة محملة بالبضائع موضوعة بجانب مبنى
000000099607.jpg,طفل يسير في حديقة مرتدياً ملابس مخططة اللون
000000099615.jpg,طفل صغير يقف في مطعم
000000099628.jpg,طائر يحلق عالياً بالقرب من أحد الافيال بداخل غابة
000000099629.jpg,حصان يمشي على ساحل البحر
000000099636.jpg,الة التحكم عن بعد على دبدوب صغير
000000099649.jpg,إناء به أصناف متعددة من الطعام كالبروكلي وغيرها
000000099657.jpg,رجلان يعملان في الأجهزة الالكترونية
000000099658.jpg,حديقة بها طفل يرتدي خوذة ويتزلج علي اللوح وآخر خلفه يجري
000000099681.jpg,عمال في مصنع لمضارب البيسبول
000000099751.jpg,طائرات ورقية تحلق ومثبتة بحبل في الأرض أمام مسطح مائي
000000099753.jpg,رجل يقف بجوار فرن واطباق عليها بيتزا
000000099968.jpg,مطبخ أحد المطاعم به عدة مواقد جوار بعضها وحاملات طعام
000000100064.jpg,طائر اسود اللون جميل المظهر
000000100128.jpg,ثلاجة لعرض الاطعمة باشكال دائرية
000000100142.jpg,رجل كبير يحمل طفل صغير
000000100182.jpg,ثلاثة قوارب في الماء ويظهر انعكاسهم
000000100187.jpg,صالة بيت بها أرائك ومقاعد ومنضدة
000000100203.jpg,العديد من الأطفال يجلسون على طاولة الطعام الموضوع بها أكواب و أحدهم ممسك بسكين ويقطع التورتة التي على شكل كرة قدم داخل ملعب
000000100207.jpg,حديقة منزل وكراسي انتظار بين الاشجار
000000100244.jpg,عربة خشبية فوق تلة بين الشجر
000000100343.jpg,دبدوب بني اللون على قطف موز اخضر
000000100347.jpg,قطة برتقالية تجلس في شرفة بيت مفتوحة
000000100430.jpg,"مقعدان أمام أدراج ومرآتان،وبالجانب سلة خشبية"
000000100449.jpg,هرة تجلس بجوار كرسي انتظار
000000100483.jpg,عربات قطار تقف في محطة للسكة الحديد
000000100516.jpg,شاب في ملعب للتنس يضرب الكرة بالمضرب.
000000100517.jpg,أريكة زرقاء بجوار سلالم بيضاء
000000100542.jpg,إناء به مجموعة مختلفة من الفواكه بجانبه كوب
000000100588.jpg,قطة بنية ذات عيون زرقاء تحتضن جهاز الحاسوب المحمول
000000100591.jpg,أبقار بالقرب من سياج خشبي
000000100594.jpg,"سماء ملبدة بالغيوم، والطريق مبتل بالمطر"
000000100599.jpg,حصان يجر عربة في الجليد عليها رجل وفتاتان.
000000100603.jpg,رجل يمتطي حصانا  أعلي مرتقع وسط الشجر الكثيف
000000100603.jpg,رجل يقود جواده داخل غابة مليئة بالأشجار و الزرع
000000100604.jpg,متجر به ماكيت على شكل غابة به أشجار وموضوع داخلها مجموعة من الدُمي المعروضة للبيع
000000100626.jpg,ثلاثة اواني زجاجية فيها ازهار طبيعية
000000100658.jpg,أشجار متعدد الأغصان وكثيفة تطل علي الماء وفوقها طيور تحلق
000000100668.jpg,رجل يمشي في الشارع حاملا سباطة موز أخضر على كتفيه
000000100722.jpg,قفاز اصفر اللون يمسك كرة
000000100811.jpg,طيور بحرية تقف على اعمدة
000000101073.jpg,إشارات ارشادية على طريق عام
000000101190.jpg,عدة مقاعد منظمة في فصل.
000000101304.jpg,طائران يقفان علي غصن شجرة
000000101310.jpg,طائرة تقف في مهبط الطائرات
000000101435.jpg,رجل يقود قارب صغير في بحيرة
000000101643.jpg,حديقة ملونة بالأزهار و الورود موضوع على جانبها دراجة نارية
000000101686.jpg,إناء به بعض من فاكهة الموز والتفاح موضوع على طاولة
000000101702.jpg,أحد السناجب ممسكاً بيديه ثمرة من الموز ويأكلها
000000101832.jpg,طفل يساعد طفلة في ركوب لوح التزلج
000000101862.jpg,جهاز تحكم به ازرار ملونة
000000102006.jpg,مجموعه من الزهور في اناء
000000102210.jpg,دُمية على شكل دُب مرتدية ملابس
000000102607.jpg,طفلة تطعم دميتها البلاستيكية من طعامها
000000102663.jpg,حمامة وقطة تمشي أمام صخرة كبيرة
000000102724.jpg,أوعية بها فراولة وموز وبطيخ وأناناس وبرتقال وتفاح.
000000102734.jpg,طفلة تجلس على سرير بجانب دميتين على شكل دُب ممسكه بأحداهم
000000102811.jpg,تفاحة وبرتقالة علي منضدة بيضاء
000000102858.jpg,مقعد في الشارع وخلفه مجموعة من المحلات مطلية باللون الازرق
000000103059.jpg,إضاءة خافتة في صالة بها طاولات خشبية وكراسي ومزهرية بها ورد أحمر
000000103158.jpg,حديقة منزلية صغيرة ومطفئة حريق
000000103251.jpg,طفلتان تأكلان البروكلي وأمامهما طبق علي الطاولة
000000103287.jpg,مجموعات من الازهار في زجاجات شفافة
000000103358.jpg,زهور وردية وبيضاء وبنفسجية رفيعة موضوعة في مزهرية.
000000103510.jpg,وعاء كبير به خضراوات متنوعه ووعاء صغير
000000103510.jpg,طبق به العديد من الخضروات المقطعة لشرائح في شكل دائري  وبالنصف يوجد طبق صغير آخر
000000103522.jpg,طفل صغير يحاول ضرب الكرة بالمضرب
000000103583.jpg,"لافتة خشبية عليها ""مدينة لندن"" وخلفها حديقة مزهرة ومبانٍ"
000000103673.jpg,ثلاثة قرود يأكلون موز ويقفون علي سياج معدني
000000103940.jpg,قطة بيضاء تجلس على كرسي مكتب دوار
000000103954.jpg,حافلة صفراء تسير علي القضبان أمام منزل.
000000103966.jpg,طريق به مقعد خشبي موضوع بجانبه مضربان للكرة
000000103967.jpg,دراجة نارية موضوعة بجانب الطريق
000000104081.jpg,بعض الأبقار  تأكل من الحشائش وسط الأشجار العالية
000000104108.jpg,طائر مُلون يقف على فرع شجرة
000000104310.jpg,غرفة بيت بها سرائر ذات طابقين.
000000104310.jpg,اسرة اطفال مزدوجة معدنية في غرفة
000000104725.jpg,الطيور الجميلة تقف على حافة الجسر
000000105139.jpg,"صحن مقدم به شرائح خبز محشوة وبطاطس مقلية، وبجواره فنجان قهوة"
000000105257.jpg,بعض البط يعوم في الماء
000000105280.jpg,كرسي حديد يطل على بحر
000000105330.jpg,عدة هواتف جوالة من الطراز القديم معروضة علي طاولة معدنية
000000105385.jpg,عصفور صغير يقف على أفرع شجرة
000000105402.jpg,متجر به العديد من صواني الحلوى المختلفة الأصناف
000000105580.jpg,إناء به بعض من التفاح المقطع لشرائح وموضوع على طاولة
000000105622.jpg,رجل ممسك بمظلة ملونة بيديه ويسير بجوار حديقة مليئة بالأشجار والمقاعد وبالناحية الآخرى توجد بركة ماء
000000105686.jpg,مجموعة من الطيور تقف على شاطئ البحر
000000105686.jpg,الكثير من الطيور الصغيرة الواقفة على شاطئ البحر أثناء وقت الغروب
000000105750.jpg,لوح تزلج على الامواج على شاطئ
000000105750.jpg,لوحان للتزحلق على الموج موضوعان على صخرة داخل جزيرة مليئة بالعديد من الأشجار
000000105777.jpg,سور يتواجد خلفة طائرة للركاب
000000105863.jpg,طريق ضيق بين منازل واشجار
000000106315.jpg,وعاء شفاف به قشور برتقال
000000106379.jpg,برتقال أحمر اللون مقشر بجوار بعضه
000000106487.jpg,رجل يقف بجوار مقعد انتظار على جانب الطريق
000000106657.jpg,طفلة تحتضن دميتها وتقطع الكيكة
000000106843.jpg,رجل يسير واضعاً عليه مظلة
000000107097.jpg,رجلان يلعبان الهوكي وأحدهما يمسك بالمضرب
000000107129.jpg,حقيبة سفر سوداء بها ملابس علي السرير
000000107188.jpg,قطة تنام على مقعد خشبي بالطريق
000000107620.jpg,قطة تجلس بداخل حقيبة سفر
000000107656.jpg,صالة استقبال في بيت بها أريكة سوداء خلفها مكتبة كتب وأمامها منضدة
000000107686.jpg,رجل يجلس علي الطاولة والمقعد في الحديقة ويشرب مشروبا وأمامه الحاسوب
000000107691.jpg,غرفة بها مكاتب موضوع عليها أجهزة حاسوب وبجوارهم بعض الرفوف المليئة بالكتب
000000107734.jpg,طبق به فاكهة موز وبرتقال.
000000107969.jpg,غرفة بأحد المنازل بها سرير ومنضدة حولها كراسي أمام النافذة
000000107990.jpg,دراجة نارية يجلس عليها طفل صغير وأمامه سيارة
000000108075.jpg,رجل يجلس أمام الحاسوب علي المكتب وعليه عدة أدوات
000000108085.jpg,طبق به بعص من المكرونةـ البروكلي وقطة من اللحم
000000108124.jpg,قوارب ترسو علي حافة الماء بجوارها أعمدة خشبية أعلاها طيور تقف
000000108164.jpg,شخصين يجلسان على كرسي في الشارع
000000108165.jpg,قطيع غنم داخل المزرعة الخضراء
000000108243.jpg,بعض من فروع الأشجار بها عدد من ثمار التفاح
000000108353.jpg,طائر أصفر ذو منقار يقف علي غصن
000000108360.jpg,طفل  يجلس علي السرير ويمسك ورقة وبجانبه دمية
000000108446.jpg,طريق مزدحم بالسيارات والشاحنات وقت الغروب
000000108470.jpg,دراجة نارية علي جانب الطريق
000000108697.jpg,طريق فارغ محاط ببعض الجبال
000000108698.jpg,قطة تنظر من خلف قضبان باب حديدي
000000108964.jpg,بعض من الأعمدة المعلق عليها إشارات المرور
000000108982.jpg,ببغاء يجلس علي غصن شجرة
000000109139.jpg,طفل صغير يغسل اسنانه بفرشاه
000000109141.jpg,طفل يجلس على لوح تزلج
000000109229.jpg,طفل يقوم باللعب بالطبق الطائر في الحديقة والأوراق متساقطة
000000109314.jpg,حلوي عليها عسل نحل موضوعة في طبق وبجواره ملعقة وكأس عصير
000000109521.jpg,قارب صغير به شخصان  في الماء وأمامه شجر كثيف
000000109659.jpg,طائر صغير يقف وسط اغصان شجرة
000000109820.jpg,طاولة بها شطيرة موضوعة بجانب بعض من الخضروات والفاكهة
000000109894.jpg,رصيف به عمود معلق أعلاه ساعة حائط بجانب بعض الأشجار الملونة بجوار بعض من المحال والمنازل
000000109907.jpg,كلب أبيض يقف على شاطئ البحر
000000109921.jpg,غرفة تحضير الطعام حديثة الطراز بها موقد وثلاجة وبعض الأدوات الآخرى
000000109937.jpg,طفلة تعد طعامها بيدها باستخدام الذرة
000000109942.jpg,شجرة بلح بجوار لافته طريق
000000109945.jpg,إناء به طعام ممزوج ببعض التوت وبداخله ملعقة
000000110000.jpg,شاطئ من الرمال البيضاء والمقاعد الزرقاء
000000110023.jpg,عصفور صغير يقف على سور خشبي بجواره محاط بالعديد من الزهور الملونة
000000110045.jpg,ببغاء أزرق الريش يقف علي قماشة وردية
000000110138.jpg,عدة حافلات ملونة تصطف جانب بعضها وبجوارها رجل
000000110155.jpg,قطة تقف على مقعد خشبي
000000110209.jpg,طفل صغير يركب حصان بلاستيكي
000000110250.jpg,سلم  بالقرب منه حقيبة سوداء يقف بجوارها قطة بنية اللون وبجوارها قطة آخري
000000110251.jpg,حديقة بها كراسي وألعاب للأطفال محاطة بسياج
000000110252.jpg,عدد كبير من الموز ورجل يجلس
000000110310.jpg,طائرة تحلق فوق الأرض الزراعية ومبنى
000000110374.jpg,فرن يتوسط شجرتي بلح على الشاطئ
000000110447.jpg,دمى اطفال بجوار ساق شجرة
000000110707.jpg,قطيع من الكلاب وسط الأعشاب
000000110776.jpg,باب حديدي به موضوع دُمية على شكل دُب
000000110798.jpg,ثمرتان من التفاح بجانب ثمرة موز
000000110841.jpg,شاب يمسك بمضرب التنس في الملعب ويرتدي زيا أبيض
000000110841.jpg,رجل يرتدي ملابس رياضية وممسك بيديه مضرب كرة
000000110961.jpg,دراجة نارية متوقفة بجوار حشائش صفراء
000000110997.jpg,مجموعه من الطيور تحلق في السماء
000000111118.jpg,رجل يحمم الفيل بخرطوم المياه
000000111141.jpg,قطة تجلس داخل حوض الاستحمام
000000111188.jpg,طفل صغير نائم بجوار الدمية
000000111194.jpg,طفل صغير يرتدي قبعة وممسكاً فرشة للأسنان ويضعها داخل فمه
000000111347.jpg,طفل أشقر اللون يقف وخلفه طاولة موضوع عليها قطار لعبة
000000111492.jpg,سيارات علي الطريق وحولهم أشجار كثيفة
000000111702.jpg,ثلاثة قطع من الحلوى تحمل عبارات
000000111702.jpg,ثلاثة قوالب من الكيك باللون الزهري و الازرق
000000111705.jpg,أحد الأشخاص ممسك شطيرة وأمامه مائدة موضوع عليها أصناف كثيرة من الطعام
000000111706.jpg,عدة مزهريات وآنية زجاجية مرصوصة علي أرفف
000000111737.jpg,حوض وصنبور مياه وبعض أدوات المطبخ وموقد
000000111742.jpg,بحيرة عليها جسر يسير به بعض من عربات النقل
000000111760.jpg,عدة مزهريات بها ورد احمر أعلي السور
000000111789.jpg,مراة صغيرة تظهر فيل يمشي في الخلف
000000111801.jpg,شاحنة برتقالية اللون وكبيرة تمر من أمام أحد البيوت
000000111812.jpg,طفل صغير ممسك بيديه مضرب كرة
000000111867.jpg,بعض من المراكب الموضوعة بالقرب من شاظئ البحر
000000112078.jpg,حديقة بها أحد البقرات بجانبها بقرة صغيرة ويقف بعيدا طفل صغير
000000112078.jpg,بقرة وسط العشب وخلفها عنزة ويظهر ولد أمام المبني
000000112085.jpg,رجل يجر حصانين  في المزرعة
000000112124.jpg,رجل راكباً على أحد الخيول وبجانبه رجل آخر مسكاً بالخيل وخلفة رجل أيضاً
000000112207.jpg,لافتة تشير لعدم ركن الدراجات
000000112208.jpg,بنت مبتسمة تأكل شطيرة في أحد المحلات
000000112228.jpg,طاولة عليها مزهرية وكتاب وتطل علي النافذة
000000112240.jpg,بستان به شجر ومقاعد يطل علي بحر به قوارب
000000112250.jpg,طفل صغير يضع ملعقة داخل فمه وأمامه طبق من الطعام
000000112562.jpg,شاحنة نقل برتقالية كبيرة علي الطريق بين المباني.
000000112582.jpg,طفل يرتدي لوح تزحلق وممسكاً بكلتا يديه عصى ويتزحلق على الجيلد
000000112719.jpg,قط صغير يقف على مظلة مطر
000000112783.jpg,رجل يسبح في الماء ويمسك مظلة
000000112800.jpg,طائرة بجوار قارب على سطح البحيرة
000000112805.jpg,حديقة بها عدد من المقاعد المتعدة الألوان
000000112865.jpg,أعمدة وأشجار مغطاة بالثلوج الكثيفة
000000112951.jpg,قطة  بيضاء تجلس بداخل عربة دراجة
000000113054.jpg,زرافة بجوار شجرة قديمة معمرة
000000113089.jpg,خرطوم فيل يمسك موزة خضراء
000000113095.jpg,رجل يتزلج علي اللوح في الشارع
000000113251.jpg,صورة من الاعلى لمفترق طرق
000000113455.jpg,دراجة نارية أمام بيت والجو خريفي فالأوراق متساقطة
000000113481.jpg,دُب يسير بجوار بركة ومحاط بسور
000000113525.jpg,مقعد بجوار الشاطي ومدينة العاب
000000113579.jpg,أثنان من الخيول داخل مزرعة
000000113654.jpg,ثمرة من الموز ملقاة على الارض
000000113845.jpg,أشجار و ورد متفتحه ومزهرة
000000114164.jpg,خمسة حمير وحشية تمشي علي أرض قفر
000000114177.jpg,شاب يجلس في نهاية السلم
000000114250.jpg,مرتفعات  عالية تقترب من السحاب  وأمامها شجر وحصانان
000000114259.jpg,مجموعة من الفواكه المقطعة في وعاء كبير
000000114274.jpg,حديقة بها يتواجد مقعد خشبي
000000114503.jpg,دُمية على شكل دًب موضوع على طاولة بها عدد من الزجاجات المختلفة
000000114535.jpg,طفلان مختلفى الأعمار ممسك كلاً منهم مظلة
000000114701.jpg,مجموعة حقائب سفر تحت التلج
000000114717.jpg,طفل رضيع علي السرير وبجانبه دمية
000000115088.jpg,دب صغير يأكل الحشائش وخلفه شجر شاهق
000000115106.jpg,حمامة تقف أعلي بيت وجوارها شجرة
000000115157.jpg,قط فوق شجرة تحمل ثمار
000000115260.jpg,طاولة موضوع بها طبق به العديد من حلوى الدوناتس وبجانبها كوب
000000115740.jpg,بعض من المظلات المتعددة الألوان الموضوعة على الأرض
000000115777.jpg,شواء لحم ونقانق فوق النار
000000116005.jpg,سكين تقطيع بجوار قالب كبير من الكيك
000000116123.jpg,مجموعة من الاوز الابيض و الاسود تسبح في الماء
000000116123.jpg,إوز وبط يسبح في الماء وبالخلف عدة قوارب ومراكب
000000116291.jpg,أشجار أوراقها صفراء وخضراء أمام بيت
000000116341.jpg,اربعة اطفال يتناولون حلوى الكيك
000000116886.jpg,حصان يأكل العشب أمام بيت ويظهر انعكاسه في الماء
000000117119.jpg,رجل يستند علي قارب راسٍ علي الصخور وبجواره كلب
000000117160.jpg,"إناء به طعام يطبخ ويقلب بملعقة خشبية، بطاطس وجزر."
000000117237.jpg,طائر ملون يقف علي زهور بنفسجية اللون
000000117377.jpg,طفل صغير يقفز عالياً واضعا الكرة داخل السلة
000000117400.jpg,طفلة تمسك بمظلة وردية علي الرصيف
000000117455.jpg,مجموعة من الازهار صفراء اللون في اوعية زجاجية
000000117679.jpg,"طاولة طعام موضوع عليها إناء به أصناف متنوعة من الفاكهة كالتفاح، العنب وغيرها ويجلس أمامها شخص"
000000118422.jpg,بعض التفاح الاحمر الشهي واللذيذ
000000118463.jpg,طائرة تحلق في السماء تم تصويرها من خلف شباك معدني
000000118465.jpg,زرافة تقف أمام طفلة صغيرة
000000118477.jpg,إناء موضوع به بعض من التوت الممزوج ببعض من الطعام الآخر
000000118581.jpg,بحيرة بها مركبة وعلى شاطئها عدد من المظلات الموضوعة بها
000000118994.jpg,رجل يحمل بومة علي يده ويرتدي قفازا
000000119290.jpg,قلعة حجرية قديمة عليها ساعة كبيرة
000000119488.jpg,أريكة في صالة بيت بجوارها مكتب ونافذة
000000119502.jpg,طفل صغير يلعب في وعاء من الرمل
000000119521.jpg,بنت تتنزلج علي لوحين علي الجليد وترتدي ملابس ثقيلة
000000119594.jpg,قوارب سياحية تقف الي جانب النهر
000000119923.jpg,طاولة موضوع عليها كوب من البرتقال بجانب برتقالتان و إناء به مجموعة من البرتقال
000000120018.jpg,ثلاجة بها بعض عبوات الطعام
000000120527.jpg,طفل يرتدي بلوزة صفراء ويمسك مضرب
000000121381.jpg,طفل يرتدي ملابس سوداء وممسكاً بيديه حلوى
000000121442.jpg,بنتان تأكلان الحلوي وأحدهما ترتدي نظارة
000000121598.jpg,دمية تجلس على كرسي بجوار رجل كبير
000000121601.jpg,دب يجلس وسط الصخور والمياه
000000121602.jpg,طبق به عنب وكوب وبعض الزهور في الحديقة
000000121610.jpg,مقاعد خشبية أمامها مجموعة أزهار وورود
000000121748.jpg,طفلان أحدهم جالس والآخر يقف وممسكان بجزرة ويضعانها داخل فمهم
000000121754.jpg,ولد يقف في محطة القطار وأمامه حقيبة عليها ملابس
000000122099.jpg,مجموعه من الزهور في اوعية
000000122099.jpg,مزهريات بها ورد أصفر وأبيض علي الطاولة
000000122105.jpg,طفلة ترتاح قليلا عل كرسي
000000122159.jpg,بعض من الأحذية النسائية المعلقة على الحائط عالياً
000000122194.jpg,سلة لوضع البضائع موضوعة بجانب الطريق وبجانبها أحد الأعمدة
000000122196.jpg,قطة برتقالية ترقد علي الأرض الخشبية في الحديقة
000000122239.jpg,طفل أشقر ممسك بيديه ثمرة تفاح
000000122250.jpg,طاولة موضوع عليها العديد من أصناف الطعام وأمامها يجلس على كرسي طفل رضيع
000000122411.jpg,بحيرة محاطة بالعديد من الشجر بها بعض من المراكب
000000122413.jpg,لاعب في قارب صغير  يلعب كرة الماء ويمسك بالمجداف.
000000122844.jpg,سفينة وسط الماء تتصل بحبل عليه عشب
000000122937.jpg,طفل رضيع  نائم وبجواره عصا وكرة
000000123017.jpg,مقاعد وزهور ومنضدة خشيية أمام بيت
000000123188.jpg,إوزة بين عشب وتقف علي شط البحر
000000123620.jpg,حصان بني يأكل العشب المزهر
000000123704.jpg,كأس بها حلوي ملونة علي هيئة عصا
000000123751.jpg,دًمية على شكل دُب داخل حقيبة وبجانبه موضوع العديد من الملابس
000000123923.jpg,أحد الفيلة تقف بجوار رجل ويضع خرطومه على رقبة الرجل
000000123938.jpg,أطباق بها أكل متعدد الالوان
000000124028.jpg,أحد الكباري يسير بها عدد من السيارات وبجانبه بحيرة بها بعض المراكب
000000124039.jpg,دمية  موضوعة علي منضدة خشبية بجانب الأرفف
000000124501.jpg,بنت تمسك دمية وردية وتجلس علي كرسي
000000124647.jpg,طفل صغير يرتدي خوذة على رأسه وخلفه مجموعة من الصبية يلعبون بلوح التزلج
000000124940.jpg,شريحتي خبز عليهما مربي موضعتان علي صينية وبجانبهما سكين
000000125298.jpg,مجموعه من الحقائب الوردية اللون
000000125438.jpg,طبق أخضر به شطيرة عليها كريمة بيضاء وفراولة
000000125683.jpg,أثنان من أجهزة التحكم بجانب كرة من الخيط
000000125703.jpg,رجل يرتدي زيا أخضر يمسك بخرطوم الفيل.
000000126141.jpg,أربع من الدمى على شكل دُب بألوان متعددة موضوعين على أريكة
000000126563.jpg,طبق به تورتة من الشيكولاتة المغمورة بالتوت
000000126967.jpg,طفلة تجلس على مقعد أمامها مكتب موضوع عليه جهاز لابتوب
000000127006.jpg,بعض من المقاعد الموضوعة داخل بركة مياه كبيرة محاطة بالأشجار وبعض المنازل
000000127096.jpg,رجل متوسط العمر يحمل قالباً
000000127406.jpg,اشجار خضراء وعربة سوداء بجوار منزل
000000127475.jpg,بقرة تقف تحت ظل شجرة
000000127802.jpg,دُب أبيض اللون يسير على بعض الصخور ويأكل بعض من الجزر
000000127841.jpg,طفل صغير يسير علي الأرض ويظهر بعض الطاولات
000000127843.jpg,أحد النمور ممسكاً في فمه زجاجة من البلاستيك
000000128015.jpg,دمية علي الطاولة بجانبه جزرة ووراءه كتاب مفتوح
000000128027.jpg,مجموعة قوارب تقف في مرفأ مقابل بيوت
000000128175.jpg,طبق معدني به  عنب أخضر وتفاح وموز
000000128203.jpg,بقرة تقف فوق حشائش و ورد
000000128312.jpg,جانب من البحيرة واعمدة انارة
000000128337.jpg,"ادوات تنظيف الاسنان، مع معجون التنظيف"
000000128387.jpg,طائر احمر جميل يقف على جذع
000000128466.jpg,انظر لقد بدأ التفاح بالنضوج
000000128570.jpg,طفل يجلس على شاطيء البحيرة
000000129006.jpg,"جهاز تسخين الطعام به خبز، وخارجه خبز في كيس بلاستيكي"
000000129143.jpg,رجل يرتدي خوذة ويقود دراجة نارية
000000129176.jpg,قطيع ماشية في أرض واسعة وخلفة مرتفع
000000129445.jpg,قطة صفراء علي رأسها قبعة.
000000129738.jpg,بنت في ملعب التنس تمسك بالمضرب
000000130096.jpg,رجل كبير يمسك جاموسة بالحبل
000000130271.jpg,طفلة تمسك بهاتف أمام الأريكة وترتدي فستانا ازرق
000000131011.jpg,منضدة خشب عليها جهاز حاسوب
000000131018.jpg,طفلة تغسل عنبا في حوض الماء وحولها أطباق
000000131019.jpg,اثنين من الحمير الوحشية وقردين
000000131060.jpg,دُمية على شكل دُب موضوعة على شجرة
000000131084.jpg,رجل على دراجة نارية اثناء السباق
000000131087.jpg,كلب يركب لوح تزلج على الماء
000000131089.jpg,طفل يحاول ركل كرة المضرب
000000131093.jpg,مجموعه من الخراف تقف على تلة
000000131099.jpg,مقعد خشبي في الخارج وأشجار طويلة لا أوراق لها
000000131133.jpg,طائرة تحلق بالقرب من جبال جليدية
000000131159.jpg,دُمية على شكل دُب موضوعة داخل سيارة
000000131207.jpg,طيور بحرية تقف على قاعدة خشبية
000000131300.jpg,موقد به قطعه من البيتزا بالداخل
000000131388.jpg,بركة مياه محاطة بالعشب والزرع بها عدد من الأبقار والأحصنة
000000131416.jpg,شطيرتي خبز محشوة بالجبن والخس وبجوارها عبوة مشروب
000000131460.jpg,باب ونافذتين ويقف الحمام على النافذة
000000131467.jpg,جزء من ساندوتش موضوع على ورقة
000000131485.jpg,طفل يركض على شاطئ البحر ممسكاً بيديه طائرة ورقية تحلق عالياً
000000131493.jpg,بعض المقاعد يجلس عليها وبجانبها بعض الأشخاص وأمامهم بحيرة بها بعض المراكب
000000131527.jpg,قطع من البروكلي الأخضر النيئة
000000131579.jpg,حافلة خضراء اللون تسير علي الطريق
000000131597.jpg,دراجات نارية مصطفة بجانب الطريق
000000131725.jpg,طبق به طعام وبجواره تفاحة حمراء وشوكة وطبق آخر
000000131826.jpg,كرسي قديم بجوار سياج حديقة
000000131858.jpg,سهول وجبار خضار اللون وأشجار
000000131918.jpg,قارب بمنتصف الماء وعلي الجوانب قوارب أخري
000000131967.jpg,سهل مكسو بالاشجار الخضراء والمياه
000000131980.jpg,غرفة تحضير الطعام بها طاولة وحولها مقعدين وهناك ثلاجة وموقد وبعض الأدوات الآخرى
000000132001.jpg,لوحة مفاتيح حاسوب وبجوارها فأرة
000000132041.jpg,بعض حبات البروكلي موضوعة في صحن وردي اللون
000000132059.jpg,صينية تقديم عليها كوب شاي وملعقة وخبز في صحن
000000132077.jpg,شطيرة البيتزا على طاولة في حديقة
000000132081.jpg,ثلاجة صغيرة مركونة في الشارع
000000132084.jpg,دراجة نارية تستند علي الطريق بجانبها لافتات
000000132114.jpg,طفل سقط على الارض ويبكي
000000132120.jpg,حديقة مليئة بالأشجار بها طفل يلهو بطبق طائر
000000132143.jpg,طريق يسير به بعض السيارات محاط بالمباني ويسير على أرصفته بعض الأشخاص
000000132219.jpg,طفلة تجلس على الأرض وأمامها ثمرة من التفاح
000000132307.jpg,شاب يرتدي قبعة ويقف على لوح تزلج
000000132317.jpg,حشرة تقف على زاوية شاشة
000000132328.jpg,أشخاص يطيرون طائرات ورقية في الأرض الواسعة
000000132494.jpg,ثلاجة بها العديد من المستلزمات
000000132516.jpg,طفل رضيع مستلقي داخل سرير بجانبه بعض من الدمى
000000132531.jpg,عمود انارة وعليه اشارة ارشادية
000000132538.jpg,صحن من الفواكه الصيفية المتنوعة
000000132574.jpg,اطفال يمسكون مظلة وسط الطريق
000000132656.jpg,طائر أسود اللون يقف على شجرة
000000132688.jpg,بعض من الطيور سوداء اللون تقف علي صخرة وسط الماء
000000132689.jpg,حديقة بها العديد من الأشجار والزهور الملونة وبها العديد من المقاعد الرخامية وفي وسطهم مائدة رخامية عليها موضوع مظلة
000000132690.jpg,سلة ملونة تجلس فيها قطة
000000132725.jpg,مقعد خشبي مغطى بالثلج وخلفه مجموعة من الأشجار المغطاة بالثلج أيضاً
000000132789.jpg,سيارة نقل كبيرة تسير بجانب طريق زراعي
000000132816.jpg,طفل صغير ممسكاً بأحدى يديه قطعة من الخبز
000000132874.jpg,اثنين من ساندويشات النقانق و البصل والخضار
000000132935.jpg,حماران وحشيان وثوران عند الصخرة علي العشب
000000132992.jpg,دُمية على شكل دُب بنية اللون بجانب دُمية على شكل كلب
000000133030.jpg,مظلة مرسوم عليها شكل دُب موضوعة على سرير بجانب دُمية دُب
000000133048.jpg,مراة صغيرة وسوداء اللون في الشارع
000000133050.jpg,جزرة وسكين علي لوح التقطيع
000000133060.jpg,طفل يلعب كرة المضرب يحاول صد كرة
000000133061.jpg,ثلاث بقرات مربوطات في مكان أكل العشب
000000133063.jpg,طبق به قطعة من الحلوى بجانبه كوب من القهوة
000000133098.jpg,بعض الغنم وسط الشجر والعشب
000000133125.jpg,نافذة بيضاء وحائط مزركش ابيض
000000133161.jpg,حبات برتقال وليمون أصفر جوار بعضها
000000133234.jpg,عصفور ملون يحلق فوق الزهور
000000133278.jpg,ثلاثة دببة بنية تسبح في الماء
000000133298.jpg,مضرب كرة تنس ارضي بين كتب
000000133369.jpg,رجل يحلق عالياً فالسماء مرتدياً ألواح تزحلق
000000133428.jpg,دب يقف بين الصخور البيضاء واخر يقف على الحشائش
000000133449.jpg,رجل يجلس بجانب بقرة علي العشب
000000133456.jpg,أربعة عنزات ترقد أعلي تلة
000000133503.jpg,ثلوج تتساقط على الطريق وسط المدينة
000000133505.jpg,رجل يقوم بمساعدة راكب دراجة للانطلاق
000000133697.jpg,طريق للمشاة بجوار مقاعد انتظار في الشارع
000000133731.jpg,مجموعة من الابقار تأكل العشب في حقل
000000133821.jpg,طاووس في الحديقة يفرد ريشه الملون
000000133827.jpg,شارع و اشجار على جانبه
000000133837.jpg,أحد الخراف يقف خلف سور داخل مزرعة بها عدد من الأغنام والماعز
000000133927.jpg,شاب صغير يمسك مضرب ويقف
000000134001.jpg,مبنى به أحد المحال وأمامه عمود موضوع بها عدد من اللافتات
000000134053.jpg,رجل أصلع يتحدث في الهاتف أمام سور معدني
000000134081.jpg,ثلاثة دببة يشربون الماء من النهر
000000134103.jpg,رجال يمتطون الأحصنة ويظهر بعض الجليد علي الأرض
000000134111.jpg,مجموعه من الطائرات الورقية في السماء
000000134113.jpg,سيارة ودراجة نارية وسط ممر صغير ذي أرض حجرية بين البيوت
000000134242.jpg,بعض الفيلة يشربون من ماء البحيرة
000000134255.jpg,تظهر مجموعة من عربات نقل الركاب
000000134383.jpg,الجو ممطر والطريق مبلل وعليه وسائل نقل وبالأعلي إشارة المرور
000000134460.jpg,طفل صغير يأكل الموز في الشارع
000000134474.jpg,دبين بنين في قفص كبير
000000134475.jpg,فازة بيضاء موضوع بها بعض من زهور  الملونة
000000134486.jpg,طفل صغير يطعم بيديه أحد الزرافات
000000134605.jpg,عصفور صغير يقف علي غصن شجرة
000000134620.jpg,باص أبيض علي الطريق ويحيطه شجر
000000134644.jpg,طائر  يقف علي يد شخص
000000134673.jpg,سرير بجواره خزانة وعليها كتب ودمية
000000134688.jpg,دمية الدب تتناول الطعام المربى
000000134801.jpg,حديقة تجلس بها قطة بنية اللون
000000134958.jpg,أحد المحال يقف أمامها عربة حنطور يقودها حصانان ويجلس على العربة رجل
000000135076.jpg,طائر أزرق اللون يأكل التوت من الشجرة
000000135158.jpg,قط يجلس على اريكة وأمامه جهاز التحكم عن بعد
000000135193.jpg,مقص اسود ومسطرة فوق الورق
000000135459.jpg,مقعد خشبي في فناء منزل
000000135460.jpg,بعض قطع الخبز في طبق وبالخلف موز
000000135513.jpg,بيت كبير بجوار جبل ضخم
000000135554.jpg,طبق  موضوع عليه بعض من المخبوزات الموضوعة بعضها فوق بعض
000000135566.jpg,حديقة بها عدد كثير من الطائرات الورقية المتعددة الألوان المحلقة عالياً
000000135578.jpg,أحد المحال به عدد من الفواكة المتنوعة المعروضة للبيع
000000135756.jpg,طفلة تحاول لمس رأس حصان اسود اللون
000000135796.jpg,طفلة تقوم بتقليب مكونات وصفة طعام ما وخلفها طفل صغير يرتدي خوذة ويبتسم
000000135800.jpg,بقرة تاكل من العشب في  مزرعه
000000135845.jpg,ثلاث من المظلات تحلق عالياً في سماء مليئة بالغيوم
000000135878.jpg,طائر نائم وهو يقف على الارض
000000135900.jpg,مقلاتان علي الموقد بهما طعام يقلي
000000135907.jpg,مطبخ به عدة أرفف بيضاء  وبعض أدوات المطبخ وفي الوسط طاولة بها صنبور مياه
000000136008.jpg,حديقة بها مقعد ويسير فيها غراب
000000136132.jpg,كلب يجلس على كرسي ازرق
000000136181.jpg,سرير كبير وبجانبه مصابيح وباب زجاجي
000000136271.jpg,بعض من أنواع الفاكهة المعروضة للبيع
000000136415.jpg,دراجة هوائية تستند علي الحائط وجوارها بعض الأحذية
000000136795.jpg,"طبق به بعض الطعام المغطي بالصلصة، وجزر وشوكة"
000000136795.jpg,طاولة موضوع عليها طبق به بعدد من المخبوزات بجانب شوكة طعام وكوب
000000136945.jpg,عدد من الطيور الملونة بداخل أقفاص متراصلة
000000137004.jpg,مجموعة من الأواني الخشبية الموضوع بهاالكثير من البرتقال والكمثرى
000000137130.jpg,رضيع مستلقي على سرير بجانب دُمية على شكل دُب
000000137185.jpg,عربة بها سلم أمام مبني  صغير والسماء ملبدة بالسحب
000000137452.jpg,دراجة نارية تستند علي الأرض وخلفها برج صغير وشجر
000000137483.jpg,أرض خضراء متسعة  بها عدد من الأحصنة والمرتفعات
000000137490.jpg,حمامة تقف علي مقبض سيارة سوداء
000000137538.jpg,أثنان من طيور البجع البيضاء أحدهم تقف على صخرة
000000137619.jpg,طائر أبو قردان يأكل من شجرة
000000137622.jpg,طفل يركب لوح تزلج بجواره سيارة حمراء
000000138007.jpg,إوزتين بجوار نهر تمشيان على الحشائش
000000138025.jpg,محل مخبوزات يعرض الطعام والخبز
000000138137.jpg,طائر يحاول الطيران من فوق صحن طعام
000000138450.jpg,دجاج مشوي وبروكلي اخضر في طبق
000000138529.jpg,قطة تجلس بداخل حوض الماء
000000138572.jpg,شاحنة نقل بضائع قديمة من طراز مرسيدس
000000138780.jpg,طفل صغير يجلس وأمامه موضوع بعض من الطعام ويضع ملعقة في فمه
000000138970.jpg,أحد الثلاجات يمسك بها رجلان
000000139075.jpg,اعداد طبق مأكولات بحرية بالخضار
000000139152.jpg,طائر ذو منقار أسود اللون يقف على سيارة
000000139165.jpg,حمار وحشي وعلي الطريق سيارات
000000139270.jpg,طبق به شطيرة بجوار بعض الاطباق والأكواب الآخرى
000000139284.jpg,ثلاث من أجهزة الخلاطات باللون الأخضر والأصفر
000000139327.jpg,جهاز حاسوب من  نوع ابل
000000139605.jpg,قارب صغير يبحر بالقرب من منارة
000000139634.jpg,خمس برتقالات في وعاء من الفخار
000000139858.jpg,طائر أبيض اللون يحلق عالياً فوق الماء
000000140010.jpg,قطعة حلوي محلاة بالشيكولاتة في طبق
000000140065.jpg,حديقة بها طفلة ترتدي قبعة وممسكة بيديها قفاز
000000140210.jpg,فناء منزل ومقاعد خشبية في الامام
000000140243.jpg,دراجة موضوعة بجانب شجرة مثمرة بفاكهة البرتقال
000000140312.jpg,شاحنة نقل بها بضائع تسير في الطريق وبالخلف شجر
000000140322.jpg,طفل رضيع مستلقي وطفلة خلفه تمسك اموال
000000140349.jpg,طفل يجلس على كرسي و اخر يلعب على لوح تزلج
000000140390.jpg,ببغاء ملون يقف بين اغصان شجرة
000000140391.jpg,أناءان موضوع بهما بعض من الحلوى
000000140426.jpg,قارب راسٍ علي حافة الماء وحوله شجر
000000140454.jpg,عدة مراكب شراعية وسط الماء وبالخلف مرتفعات
000000140540.jpg,قطار كهربائئ يمر عبر السكة بين الاعشاب
000000140543.jpg,ابقار تاكل الحشائش في مزرعة كبيرة
000000140636.jpg,طائرات يصطادان السمك من الماء
000000140702.jpg,الدغفل الصغير يسير خلف الفيل
000000140816.jpg,رجل يحمل مظلة شمسية ويسير في الشارع
000000140850.jpg,حديقة موضوع بها ثلاث من الحقائب مختلفة الأحجام
000000140983.jpg,طفل صغير يجلس ويضع فرشاة الأسنان داخل فمه
000000141063.jpg,طائران أحدهما أبيض والثاني رمادي يقفان عند بحيرة
000000141166.jpg,بعض ثمار الفواكه و الخضروات في وعاء
000000141207.jpg,حافلات تقف في موقف خاص
000000141211.jpg,تمثال على شكل دُب بجواره عدد من الهدايا
000000141224.jpg,حمام سباحة وحوله مقاعد صفراء  ومظلة
000000141316.jpg,صورة لإنعكاس مبنى على مرآة
000000141346.jpg,صالة بيت بها أرائك  وطاولة ولوحة علي الحائط
000000141460.jpg,طائران يقفان علي صخرة وسط الماء وبالخلف بيوت
000000141468.jpg,دب ذو فرو فاتح يمشي بين العشب
000000141508.jpg,حقيبة سفر زرقاء وبجوارها زوجان من الأحذية
